lemma,count,POS,reason
ता,542,noun,no exact MW headword
भ्रातृ,501,noun,no exact MW headword
हनुमन्त्,437,noun,no exact MW headword
कश्चित्,372,part,no exact MW headword
त्वद्,337,part,no exact MW headword
त्रि,320,noun,no exact MW headword
पञ्चन्,280,part,no exact MW headword
द्वि,263,noun,no exact MW headword
चतुर्,211,noun,no exact MW headword
मैथिली,211,noun,no exact MW headword
चिन्तय्,198,verb,no exact MW headword
कारय्,195,verb,no exact MW headword
उभ,187,noun,no exact MW headword
योषित्,147,noun,no exact MW headword
कथय्,144,verb,no exact MW headword
पूजय्,140,part,no exact MW headword
प्रच्छ्,140,verb,no exact MW headword
यूथप,138,noun,no exact MW headword
समन्ततः,130,indecl,no exact MW headword
ॐ,110,,no exact MW headword
प्लवंगम,109,noun,no exact MW headword
दर्शय्,107,verb,no exact MW headword
प्रच्छ्,107,part,no exact MW headword
संक्रुध्,106,part,no exact MW headword
भूषय्,105,part,no exact MW headword
एनद्,104,part,no exact MW headword
निवेदय्,104,verb,no exact MW headword
भक्षय्,104,part,no exact MW headword
आकर्णय्,99,indecl,no exact MW headword
पीडय्,96,part,no exact MW headword
जनकात्मजा,95,noun,no exact MW headword
आकार,93,noun,no exact MW headword
भक्षय्,88,verb,no exact MW headword
अर्दय्,85,part,no exact MW headword
उभय,84,noun,no exact MW headword
कदाचिद्,83,indecl,no exact MW headword
शुद्धोदन,83,noun,no exact MW headword
तोय,79,noun,no exact MW headword
प्रेषय्,77,verb,no exact MW headword
जनय्,75,verb,no exact MW headword
अटवी,73,noun,no exact MW headword
घातय्,73,verb,no exact MW headword
चिन्तय्,73,part,no exact MW headword
स्थापय्,72,verb,no exact MW headword
नगरी,71,noun,no exact MW headword
अभिवादय्,70,indecl,no exact MW headword
धारय्,70,verb,no exact MW headword
अवलोकय्,68,indecl,no exact MW headword
जाम्बवन्त्,68,noun,no exact MW headword
मारुतात्मज,68,noun,no exact MW headword
विभूषय्,68,part,no exact MW headword
पूजय्,67,verb,no exact MW headword
कच्चित्,66,indecl,no exact MW headword
रात्र,64,noun,no exact MW headword
दर्शय्,63,part,no exact MW headword
दुहितृ,63,noun,no exact MW headword
प्रस्वप्,63,part,no exact MW headword
शोभय्,62,part,no exact MW headword
समासादय्,61,indecl,no exact MW headword
साधय्,60,verb,no exact MW headword
साहस्र,59,noun,no exact MW headword
ईं,58,indecl,no exact MW headword
चोदय्,57,part,no exact MW headword
तृ,57,verb,no exact MW headword
उपशोभय्,56,part,no exact MW headword
पातय्,55,verb,no exact MW headword
दिवस,54,noun,no exact MW headword
कर्शय्,53,part,no exact MW headword
विचिन्तय्,52,verb,no exact MW headword
उपसंक्रम्,51,indecl,no exact MW headword
आलोकय्,50,indecl,no exact MW headword
समन्वागम्,50,part,no exact MW headword
मूर्छय्,49,part,no exact MW headword
सम्पृ,49,part,no exact MW headword
दण्डय्,47,part,no exact MW headword
चतुर्दशन्,45,noun,no exact MW headword
भार्या,45,noun,no exact MW headword
विचिन्तय्,45,indecl,no exact MW headword
आरोपय्,44,indecl,no exact MW headword
किंतु,43,indecl,no exact MW headword
निवेशय्,43,verb,no exact MW headword
पञ्चन्,42,noun,no exact MW headword
कल्पय्,41,verb,no exact MW headword
निरीक्ष्,41,indecl,no exact MW headword
वर्जय्,41,part,no exact MW headword
आज्ञापय्,40,verb,no exact MW headword
कथय्,40,part,no exact MW headword
केचित्,40,indecl,no exact MW headword
दृश्1_णिच्,40,part,no exact MW headword
स्वसृ,40,noun,no exact MW headword
दीर्घरात्रम्,39,indecl,no exact MW headword
परिप्रच्छ्,39,verb,no exact MW headword
प्रकाश्,39,verb,no exact MW headword
परिपृ,38,part,no exact MW headword
ग्राहय्,37,verb,no exact MW headword
निवेदय्,37,part,no exact MW headword
स्थापय्,37,part,no exact MW headword
अवतृ,36,indecl,no exact MW headword
निःस्वन,36,noun,no exact MW headword
निष्पत्,36,verb,no exact MW headword
योजय्,36,verb,no exact MW headword
वर्तय्,36,verb,no exact MW headword
व्यापादय्,36,part,no exact MW headword
धारय्,35,part,no exact MW headword
विगर्ह्,35,part,no exact MW headword
विश्वस्,35,part,no exact MW headword
(तर्हि,34,indecl,no exact MW headword
उत्पादय्,34,verb,no exact MW headword
उभ्,34,part,no exact MW headword
मोहय्,34,part,no exact MW headword
समलंकृ,34,part,no exact MW headword
समुत्पद्,34,part,no exact MW headword
निरीक्ष्,33,part,no exact MW headword
प्रदीप्,33,part,no exact MW headword
प्रवर्तय्,33,verb,no exact MW headword
प्रादुर्भू,33,verb,no exact MW headword
वर्जय्,33,verb,no exact MW headword
उपसंक्रम्,32,verb,no exact MW headword
कारय्,32,part,no exact MW headword
क्वचिद्,32,indecl,no exact MW headword
चिकित्सक,31,noun,no exact MW headword
धारयन्,31,,no exact MW headword
पालय्,31,part,no exact MW headword
पीडय्,31,verb,no exact MW headword
आजीव,30,noun,no exact MW headword
आमन्त्रय्,30,indecl,no exact MW headword
त्य,30,part,no exact MW headword
द्वात्रिंशत्,30,noun,no exact MW headword
शबरी,30,noun,no exact MW headword
संचिन्तय्,30,indecl,no exact MW headword
हर्षय्,30,part,no exact MW headword
जटायुस्,29,noun,no exact MW headword
तृ,29,part,no exact MW headword
देशय्,29,verb,no exact MW headword
धर्षय्,29,part,no exact MW headword
निरीक्ष्,29,verb,no exact MW headword
निर्दह्,29,part,no exact MW headword
प्रवेशय्,29,verb,no exact MW headword
अभिवादय्,28,verb,no exact MW headword
उत्पाटय्,28,indecl,no exact MW headword
निवर्तय्,28,verb,no exact MW headword
निवेदय्,28,indecl,no exact MW headword
प्रचोदय्,28,part,no exact MW headword
प्रच्छ्,28,indecl,no exact MW headword
रथकार,28,noun,no exact MW headword
वारय्,28,verb,no exact MW headword
विलोकय्,28,indecl,no exact MW headword
क्वापि,27,indecl,no exact MW headword
चत्वारिंशत्,27,noun,no exact MW headword
दापय्,27,verb,no exact MW headword
प्रार्थय्,27,verb,no exact MW headword
लिप्स्,27,verb,no exact MW headword
शतक्रतु,27,noun,no exact MW headword
आमन्त्रय्,26,verb,no exact MW headword
जनय्,26,part,no exact MW headword
ताडय्,26,part,no exact MW headword
दशन्,26,noun,no exact MW headword
दापय्,26,part,no exact MW headword
नन्द्,26,verb,no exact MW headword
प्रसादय्,26,part,no exact MW headword
वर्धय्,26,verb,no exact MW headword
अन्विष्,25,part,no exact MW headword
चिन्तय्,25,indecl,no exact MW headword
प्रछ्1,25,part,no exact MW headword
प्रत्यूष,25,noun,no exact MW headword
आसादय्,24,part,no exact MW headword
चुम्बन,24,noun,no exact MW headword
नादय्,24,part,no exact MW headword
निवारय्,24,part,no exact MW headword
परिवारय्,24,part,no exact MW headword
पुरोगम,24,noun,no exact MW headword
महीभृत्,24,noun,no exact MW headword
रोचय्,24,verb,no exact MW headword
वारय्,24,part,no exact MW headword
विनाशय्,24,part,no exact MW headword
व्यापादय्,24,verb,no exact MW headword
संचोदय्,24,part,no exact MW headword
अ-तन्द्रित,23,noun,no exact MW headword
अहोरात्रविदः,23,,no exact MW headword
आशापाशशतैः,23,,no exact MW headword
कीर्तय्,23,part,no exact MW headword
केसरिन्,23,noun,no exact MW headword
चोदय्,23,verb,no exact MW headword
त्रिदश,23,noun,no exact MW headword
दूषय्,23,part,no exact MW headword
नाशय्,23,verb,no exact MW headword
पालय्,23,verb,no exact MW headword
प्रदक्षिणीकृ,23,indecl,no exact MW headword
भक्षय्,23,indecl,no exact MW headword
माल्यवन्त्,23,noun,no exact MW headword
रचय्,23,part,no exact MW headword
वर्णय्,23,verb,no exact MW headword
विसर्जय्,23,verb,no exact MW headword
शूर्पणखा,23,noun,no exact MW headword
हुताशन,23,noun,no exact MW headword
अंशुमन्त्,22,noun,no exact MW headword
अगस्त्य,22,noun,no exact MW headword
अपकारिन्,22,noun,no exact MW headword
गर्ज्,22,part,no exact MW headword
जगन्त्,22,noun,no exact MW headword
पिपासा,22,noun,no exact MW headword
प्रार्थय्,22,part,no exact MW headword
प्रियतर,22,noun,no exact MW headword
रमय्,22,part,no exact MW headword
अर्चय्,21,part,no exact MW headword
उत्थापय्,21,indecl,no exact MW headword
जृ,21,part,no exact MW headword
जृ,21,verb,no exact MW headword
धनुष्पाणि,21,noun,no exact MW headword
नरान्तक,21,noun,no exact MW headword
मण्डय्,21,part,no exact MW headword
मन्त्रय्,21,verb,no exact MW headword
विवर्जय्,21,part,no exact MW headword
विश्वस्,21,verb,no exact MW headword
सान्त्वय्,21,part,no exact MW headword
अनुकम्पा,20,noun,no exact MW headword
अवलोकय्,20,verb,no exact MW headword
कामय्,20,verb,no exact MW headword
कीर्तय्,20,verb,no exact MW headword
गर्ज्,20,verb,no exact MW headword
चिन्त्1,20,part,no exact MW headword
द्विस्,20,indecl,no exact MW headword
नियोजय्,20,verb,no exact MW headword
प्रवृष्,20,verb,no exact MW headword
भूमिप,20,noun,no exact MW headword
भोजय्,20,verb,no exact MW headword
लक्षय्,20,verb,no exact MW headword
विचारय्,20,indecl,no exact MW headword
विदारय्,20,part,no exact MW headword
शरासन,20,noun,no exact MW headword
अर्जय्,19,part,no exact MW headword
उपलक्षय्,19,verb,no exact MW headword
तटाक,19,noun,no exact MW headword
तुषित,19,noun,no exact MW headword
दर्पय्,19,part,no exact MW headword
पञ्चाशत्,19,noun,no exact MW headword
पवनात्मज,19,noun,no exact MW headword
प्रादुर्भू,19,part,no exact MW headword
मोक्षय्,19,part,no exact MW headword
राजधानी,19,noun,no exact MW headword
विचिन्तय्,19,part,no exact MW headword
वित्रस्,19,part,no exact MW headword
विलोकय्,19,verb,no exact MW headword
संतुष्,19,part,no exact MW headword
सम्प्रधारय्,19,indecl,no exact MW headword
अधिभाष्,18,verb,no exact MW headword
अन्धकार,18,noun,no exact MW headword
आज्ञपय्,18,part,no exact MW headword
उदीरय्,18,verb,no exact MW headword
कणय,18,noun,no exact MW headword
ताडय्,18,verb,no exact MW headword
त्रपु,18,noun,no exact MW headword
त्रासय्,18,part,no exact MW headword
त्रिंशत्,18,noun,no exact MW headword
नमस्कृ,18,part,no exact MW headword
निवारय्,18,verb,no exact MW headword
पाषाण,18,noun,no exact MW headword
प्रधर्षय्,18,part,no exact MW headword
प्रयोजय्,18,verb,no exact MW headword
मन्त्रय्,18,part,no exact MW headword
मूर्छ्,18,part,no exact MW headword
विनिहन्,18,part,no exact MW headword
श्रावय्,18,verb,no exact MW headword
सम्मान,18,noun,no exact MW headword
साधय्,18,part,no exact MW headword
सुमालिन्,18,noun,no exact MW headword
अपहारिन्,17,noun,no exact MW headword
अर्पय्,17,part,no exact MW headword
अर्वन्त्,17,noun,no exact MW headword
अवतृ,17,part,no exact MW headword
आराधय्,17,part,no exact MW headword
आश्वासय्,17,verb,no exact MW headword
ईरय्,17,part,no exact MW headword
कल्पय्,17,part,no exact MW headword
निवेशय्,17,indecl,no exact MW headword
प्रसारय्,17,indecl,no exact MW headword
प्रसारय्,17,part,no exact MW headword
बुभुक्ष्,17,part,no exact MW headword
भेदय्,17,verb,no exact MW headword
मर्षय्,17,verb,no exact MW headword
वरय्,17,part,no exact MW headword
विशेषतः,17,indecl,no exact MW headword
संत्रस्,17,part,no exact MW headword
अधस्तात्,16,indecl,no exact MW headword
अनुपूर्वशस्,16,indecl,no exact MW headword
अन्विष्,16,verb,no exact MW headword
आरोपय्,16,verb,no exact MW headword
आलोचय्,16,indecl,no exact MW headword
आस्तृ,16,part,no exact MW headword
उपदर्शय्,16,verb,no exact MW headword
कम्पय्,16,part,no exact MW headword
गृ,16,part,no exact MW headword
ताटका,16,noun,no exact MW headword
तृ,16,indecl,no exact MW headword
दूषय्,16,verb,no exact MW headword
नमस्य्,16,part,no exact MW headword
निकृत्,16,part,no exact MW headword
निवेशय्,16,part,no exact MW headword
परिज्ञा,16,part,no exact MW headword
परिपालय्,16,verb,no exact MW headword
पूरय्,16,part,no exact MW headword
प्रणिपत्,16,indecl,no exact MW headword
रञ्जय्,16,part,no exact MW headword
रञ्जय्,16,verb,no exact MW headword
विधम्,16,verb,no exact MW headword
विवासय्,16,part,no exact MW headword
विशृ,16,part,no exact MW headword
स्थापय्,16,indecl,no exact MW headword
अभिषेचय्,15,verb,no exact MW headword
अभिसंबुध्,15,part,no exact MW headword
अर्पय्,15,verb,no exact MW headword
अवलोकय्,15,part,no exact MW headword
काङ्क्ष्,15,part,no exact MW headword
गणय्,15,verb,no exact MW headword
चतुःषष्टि,15,noun,no exact MW headword
तारय्,15,verb,no exact MW headword
दर्शय्,15,indecl,no exact MW headword
निष्पत्,15,part,no exact MW headword
परिवारय्,15,indecl,no exact MW headword
परिवारय्,15,verb,no exact MW headword
पायय्,15,verb,no exact MW headword
पुरोधस्,15,noun,no exact MW headword
प्रकाशय्,15,verb,no exact MW headword
प्रक्￞,15,part,no exact MW headword
प्रतिपूजय्,15,indecl,no exact MW headword
प्रस्थापय्,15,part,no exact MW headword
प्रापय्,15,verb,no exact MW headword
बोधय्,15,verb,no exact MW headword
भिक्षुक,15,noun,no exact MW headword
मानय्,15,part,no exact MW headword
मोचय्,15,verb,no exact MW headword
रत्नव्यूह,15,noun,no exact MW headword
विनिःसृ,15,part,no exact MW headword
विवर्जय्,15,verb,no exact MW headword
व्यापादय्,15,indecl,no exact MW headword
समर्पय्,15,part,no exact MW headword
सम्परिष्वज्,15,indecl,no exact MW headword
सम्प्रहृष्,15,part,no exact MW headword
अन्-,14,indecl,no exact MW headword
अभिवादय्,14,part,no exact MW headword
अर्हन्त्,14,noun,no exact MW headword
अशीति,14,noun,no exact MW headword
आप्रच्छ्,14,indecl,no exact MW headword
आलिङ्गय्,14,indecl,no exact MW headword
आश्वासय्,14,part,no exact MW headword
उदीरय्,14,part,no exact MW headword
गरुत्मन्त्,14,noun,no exact MW headword
गृ,14,verb,no exact MW headword
चतुरशीति,14,noun,no exact MW headword
तर्पय्,14,part,no exact MW headword
त्रायत्रिंश,14,noun,no exact MW headword
निरूपय्,14,part,no exact MW headword
निर्दह्,14,verb,no exact MW headword
परिदेवय्,14,verb,no exact MW headword
परिपालय्,14,part,no exact MW headword
परिष्कृ,14,part,no exact MW headword
पूरय्,14,verb,no exact MW headword
प्या,14,verb,no exact MW headword
प्रकल्पय्,14,verb,no exact MW headword
प्रतिपादय्,14,verb,no exact MW headword
प्रवासय्,14,verb,no exact MW headword
प्रवेशय्,14,part,no exact MW headword
प्रसादय्,14,verb,no exact MW headword
प्रहर्षय्,14,part,no exact MW headword
भावय्,14,part,no exact MW headword
महीय्,14,verb,no exact MW headword
यथाक्रमम्,14,indecl,no exact MW headword
वञ्चय्,14,part,no exact MW headword
वर्णय्,14,part,no exact MW headword
विगल्,14,part,no exact MW headword
विसर्जय्,14,part,no exact MW headword
विस्फारय्,14,part,no exact MW headword
व्यवसा,14,verb,no exact MW headword
संप्रयोग,14,noun,no exact MW headword
संभाषय्,14,part,no exact MW headword
हिमवन्त्,14,noun,no exact MW headword
अबुध,13,noun,no exact MW headword
अवधारय्,13,indecl,no exact MW headword
आरोपय्,13,part,no exact MW headword
आवेदय्,13,verb,no exact MW headword
आसादय्,13,indecl,no exact MW headword
कथ1,13,part,no exact MW headword
कुड्य,13,noun,no exact MW headword
कोपय्,13,part,no exact MW headword
तर्पय्,13,verb,no exact MW headword
नयुत,13,noun,no exact MW headword
निपातय्,13,verb,no exact MW headword
निपीडय्,13,part,no exact MW headword
परिवर्जय्,13,verb,no exact MW headword
प्रतिम,13,noun,no exact MW headword
प्रबोधय्,13,part,no exact MW headword
मोहिता,13,noun,no exact MW headword
रक्षक,13,noun,no exact MW headword
वर्धय्,13,part,no exact MW headword
वासय्,13,verb,no exact MW headword
शुश्रूष्,13,verb,no exact MW headword
शोधय्,13,part,no exact MW headword
शोधय्,13,verb,no exact MW headword
समाहर्तृ,13,noun,no exact MW headword
सादय्,13,verb,no exact MW headword
अग्नीषोम,12,noun,no exact MW headword
अनुपालय्,12,part,no exact MW headword
अनुपालय्,12,verb,no exact MW headword
अनुसारिन्,12,noun,no exact MW headword
अभिपीडय्,12,part,no exact MW headword
अभ्युद्गम्,12,part,no exact MW headword
अवस्थापय्,12,indecl,no exact MW headword
आराधय्,12,verb,no exact MW headword
आहारय्,12,verb,no exact MW headword
उपपादय्,12,verb,no exact MW headword
कथंचन,12,indecl,no exact MW headword
गमय्,12,verb,no exact MW headword
जम्बुमालिन्,12,noun,no exact MW headword
तडाग,12,noun,no exact MW headword
तोषय्,12,part,no exact MW headword
दारिद्र्य,12,noun,no exact MW headword
नवति,12,noun,no exact MW headword
निःश्वास,12,noun,no exact MW headword
निमन्त्रय्,12,part,no exact MW headword
निश्चर्,12,verb,no exact MW headword
निसृज्,12,part,no exact MW headword
परिज्ञा,12,indecl,no exact MW headword
पर्यट्,12,part,no exact MW headword
पातय्,12,part,no exact MW headword
पार्श्वतस्,12,indecl,no exact MW headword
प्रतिच्छद्,12,part,no exact MW headword
प्रतिपादय्,12,part,no exact MW headword
प्रतिपूजय्,12,verb,no exact MW headword
प्रत्युत्पद्,12,part,no exact MW headword
प्रसादय्,12,indecl,no exact MW headword
प्रेषय्,12,part,no exact MW headword
भ्रुकुटि,12,noun,no exact MW headword
मज्मन्,12,noun,no exact MW headword
यन्त्रय्,12,part,no exact MW headword
वित्रासय्,12,part,no exact MW headword
विनिपातय्,12,part,no exact MW headword
शतशस्,12,indecl,no exact MW headword
शरभङ्ग,12,noun,no exact MW headword
शिक्षय्,12,part,no exact MW headword
श्रावय्,12,part,no exact MW headword
संचोदय्,12,verb,no exact MW headword
समनुप्राप्,12,part,no exact MW headword
समर्पय्,12,verb,no exact MW headword
समीरय्,12,part,no exact MW headword
समुच्छ्रि,12,part,no exact MW headword
सम्पूजय्,12,indecl,no exact MW headword
सम्यक्सम्बोधि,12,noun,no exact MW headword
सूचय्,12,part,no exact MW headword
अनुज्ञापय्,11,indecl,no exact MW headword
अभिवन्द्,11,indecl,no exact MW headword
अमर्षिन्,11,noun,no exact MW headword
आज्ञापय्,11,part,no exact MW headword
ईप्सय्,11,part,no exact MW headword
उत्पादय्,11,part,no exact MW headword
कालगत,11,noun,no exact MW headword
खण्डय्,11,part,no exact MW headword
गमय्,11,part,no exact MW headword
जटायुष,11,noun,no exact MW headword
नमस्यन्तः,11,,no exact MW headword
नाशय्,11,part,no exact MW headword
निपीडय्,11,indecl,no exact MW headword
निवर्तय्,11,part,no exact MW headword
पट्टिस,11,noun,no exact MW headword
प्रतिवेदय्,11,verb,no exact MW headword
प्रभविष्णु,11,noun,no exact MW headword
प्रस्थापय्,11,indecl,no exact MW headword
ब्रह्मर्षि,11,noun,no exact MW headword
मृदङ्ग,11,noun,no exact MW headword
यथाशक्ति,11,indecl,no exact MW headword
योजय्,11,part,no exact MW headword
योधय्,11,verb,no exact MW headword
लङ्घय्,11,verb,no exact MW headword
वरवर्णिनी,11,noun,no exact MW headword
वर्तय्,11,part,no exact MW headword
वाहय्,11,part,no exact MW headword
विनिहन्,11,indecl,no exact MW headword
विमानय्,11,part,no exact MW headword
विलोकय्,11,part,no exact MW headword
विहेठा,11,noun,no exact MW headword
शमय्,11,part,no exact MW headword
शुश्रूष्,11,part,no exact MW headword
शोषय्,11,verb,no exact MW headword
संघुष्,11,part,no exact MW headword
समादिस्,11,verb,no exact MW headword
समारोपय्,11,indecl,no exact MW headword
सम्पादय्,11,verb,no exact MW headword
सान्त्वय्,11,indecl,no exact MW headword
स्था1_णिच्,11,part,no exact MW headword
हयमेध,11,noun,no exact MW headword
अङ्कय्,10,part,no exact MW headword
अनुलिप्,10,part,no exact MW headword
अभिरोचय्,10,verb,no exact MW headword
अवभासय्,10,indecl,no exact MW headword
आदिक,10,noun,no exact MW headword
आप्रच्छ्,10,verb,no exact MW headword
ईरय्,10,verb,no exact MW headword
उत्थापय्,10,verb,no exact MW headword
उपनामय्,10,verb,no exact MW headword
उपपादय्,10,part,no exact MW headword
उपार्जय्,10,part,no exact MW headword
कथंचिद्,10,indecl,no exact MW headword
क्षुध्,10,part,no exact MW headword
क्षोभय्,10,verb,no exact MW headword
ख्यापय्,10,verb,no exact MW headword
ग्रन्थ्,10,part,no exact MW headword
छादय्,10,verb,no exact MW headword
देवान्तक,10,noun,no exact MW headword
धर्षय्,10,verb,no exact MW headword
निष्कासय्,10,part,no exact MW headword
परिशुष्,10,part,no exact MW headword
प्रकीर्तय्,10,part,no exact MW headword
प्रदर्शय्,10,part,no exact MW headword
प्रवर्तय्,10,part,no exact MW headword
बलीवर्द,10,noun,no exact MW headword
मादय्,10,verb,no exact MW headword
वरय्,10,verb,no exact MW headword
विप्रद्रु,10,verb,no exact MW headword
विहायस्,10,noun,no exact MW headword
शमय्,10,verb,no exact MW headword
शिरोरुह,10,noun,no exact MW headword
शृगाल,10,noun,no exact MW headword
शोभय्,10,verb,no exact MW headword
शोशुच्,10,part,no exact MW headword
संपश्,10,verb,no exact MW headword
सपर्य्,10,verb,no exact MW headword
समुत्पाटय्,10,indecl,no exact MW headword
सम्पूजय्,10,verb,no exact MW headword
सम्भावय्,10,part,no exact MW headword
स्वज,10,noun,no exact MW headword
अन्विष्,9,indecl,no exact MW headword
अभिसंबुध्,9,verb,no exact MW headword
अर्दय्,9,verb,no exact MW headword
अर्धरात्र,9,noun,no exact MW headword
अवतृ,9,verb,no exact MW headword
अवलिप्,9,part,no exact MW headword
आलोचय्,9,part,no exact MW headword
आस्वादय्,9,part,no exact MW headword
काङ्क्ष्,9,verb,no exact MW headword
कारय्,9,indecl,no exact MW headword
गन्धर्वी,9,noun,no exact MW headword
जनपद,9,noun,no exact MW headword
तर्कय्,9,part,no exact MW headword
तर्कय्,9,verb,no exact MW headword
तात,9,noun,no exact MW headword
तुरंगम,9,noun,no exact MW headword
त्रासय्,9,verb,no exact MW headword
धारयता,9,noun,no exact MW headword
नकिर्,9,indecl,no exact MW headword
नमः,9,indecl,no exact MW headword
निर्भर्त्सय्,9,indecl,no exact MW headword
परित्रस्,9,part,no exact MW headword
परिदीव्,9,part,no exact MW headword
पातय्,9,indecl,no exact MW headword
मनाप,9,noun,no exact MW headword
मन्त्रय्,9,indecl,no exact MW headword
यथाशास्त्रम्,9,indecl,no exact MW headword
वञ्चय्,9,indecl,no exact MW headword
वाचय्,9,verb,no exact MW headword
वितिमिर,9,noun,no exact MW headword
वित्रस्,9,verb,no exact MW headword
विनाशय्,9,verb,no exact MW headword
विशृ,9,verb,no exact MW headword
वेदय्,9,verb,no exact MW headword
व्यवलोकय्,9,part,no exact MW headword
व्यवलोकय्,9,verb,no exact MW headword
संतापय्,9,verb,no exact MW headword
संमा,9,part,no exact MW headword
समभिद्रु,9,verb,no exact MW headword
समाधू,9,part,no exact MW headword
समीह्,9,verb,no exact MW headword
समुद्गम्,9,part,no exact MW headword
सम्पादय्,9,part,no exact MW headword
सम्पूजय्,9,part,no exact MW headword
सम्मन्त्रय्,9,indecl,no exact MW headword
सूदय्,9,verb,no exact MW headword
हारय्,9,verb,no exact MW headword
(युष्मद्,8,part,no exact MW headword
अनुगमन,8,noun,no exact MW headword
अनुरञ्जय्,8,verb,no exact MW headword
अभिपूजय्,8,part,no exact MW headword
अभिपूजय्,8,verb,no exact MW headword
अभिसंबुध्,8,indecl,no exact MW headword
अभ्यर्थय्,8,part,no exact MW headword
अर्चय्,8,verb,no exact MW headword
अवप्लु,8,indecl,no exact MW headword
अवभासय्,8,verb,no exact MW headword
अवस्थापन,8,noun,no exact MW headword
असंस्तुत,8,noun,no exact MW headword
आनायय्,8,indecl,no exact MW headword
आलोकय्,8,verb,no exact MW headword
आश्रमिन्,8,noun,no exact MW headword
इषुधि,8,noun,no exact MW headword
उपकल्पय्,8,part,no exact MW headword
उपगुह्,8,indecl,no exact MW headword
उपश्रु,8,part,no exact MW headword
उपोपविश्,8,part,no exact MW headword
ऋष्यमूक,8,noun,no exact MW headword
औपनिषदिक,8,noun,no exact MW headword
कथय्,8,indecl,no exact MW headword
कपिध्वज,8,noun,no exact MW headword
किञ्चन,8,part,no exact MW headword
कुत्सय्,8,part,no exact MW headword
केशिमथन,8,noun,no exact MW headword
क्षुध्,8,noun,no exact MW headword
चारय्,8,verb,no exact MW headword
चालय्,8,part,no exact MW headword
चित्रवर्ण,8,noun,no exact MW headword
छेदय्,8,verb,no exact MW headword
तारय्,8,part,no exact MW headword
तोषय्,8,verb,no exact MW headword
त्वरय्,8,verb,no exact MW headword
दुराप,8,noun,no exact MW headword
दूरतर,8,noun,no exact MW headword
धार्यता,8,noun,no exact MW headword
निमन्त्रय्,8,verb,no exact MW headword
निर्माणरति,8,noun,no exact MW headword
निर्वर्तय्,8,verb,no exact MW headword
निषूदय्,8,part,no exact MW headword
निष्पत्,8,indecl,no exact MW headword
नू,8,verb,no exact MW headword
न्याञ्च्,8,noun,no exact MW headword
पीडितक,8,noun,no exact MW headword
पृथग्विध,8,noun,no exact MW headword
प्रतिपालय्,8,verb,no exact MW headword
प्रतिष्ठापय्,8,verb,no exact MW headword
प्रलोभय्,8,verb,no exact MW headword
प्रहर्षय्,8,verb,no exact MW headword
बहिष्कृ,8,part,no exact MW headword
भगवन्त्,8,noun,no exact MW headword
भ्रामयन्,8,,no exact MW headword
भ्रामय्,8,indecl,no exact MW headword
भ्रामय्,8,part,no exact MW headword
भ्रामय्,8,verb,no exact MW headword
मधुमथन,8,noun,no exact MW headword
मर्दय्,8,part,no exact MW headword
मादृश,8,noun,no exact MW headword
रचय्,8,verb,no exact MW headword
रन्,8,verb,no exact MW headword
लङ्घय्,8,indecl,no exact MW headword
लङ्घय्,8,part,no exact MW headword
वायुपुत्र,8,noun,no exact MW headword
वाह्लीक,8,noun,no exact MW headword
विज्ञापय्,8,part,no exact MW headword
विदारय्,8,indecl,no exact MW headword
विनर्द्,8,part,no exact MW headword
विनादय्,8,part,no exact MW headword
विरूपय्,8,part,no exact MW headword
विश्वासय्,8,part,no exact MW headword
वैयावृत्य,8,noun,no exact MW headword
संचारय्,8,verb,no exact MW headword
संत्वर्,8,part,no exact MW headword
संदर्शय्,8,verb,no exact MW headword
समादिस्,8,part,no exact MW headword
समालोकय्,8,indecl,no exact MW headword
समाश्वासय्,8,verb,no exact MW headword
समासादय्,8,part,no exact MW headword
समुक्ष्,8,part,no exact MW headword
सिद्धाश्रम,8,noun,no exact MW headword
स्नापय्,8,verb,no exact MW headword
स्पृहय्,8,verb,no exact MW headword
(सिद्ध्यति),7,,no exact MW headword
अजाविक,7,noun,no exact MW headword
अट्टालक,7,noun,no exact MW headword
अतुष्ट,7,noun,no exact MW headword
अधिमुक्ति,7,noun,no exact MW headword
अनपत्य,7,noun,no exact MW headword
अनुचिन्तय्,7,verb,no exact MW headword
अपवाहय्,7,part,no exact MW headword
अभिचोदय्,7,part,no exact MW headword
अभीप्स्,7,part,no exact MW headword
अमर्षित,7,noun,no exact MW headword
अर्वाञ्च्,7,noun,no exact MW headword
अवरोपय्,7,part,no exact MW headword
अस्वस,7,stem,no exact MW headword
आप्रच्छ्,7,part,no exact MW headword
आरोचय्,7,verb,no exact MW headword
आलिङ्गय्,7,part,no exact MW headword
आसादय्,7,verb,no exact MW headword
उत्तृ,7,indecl,no exact MW headword
उद्वेजय्,7,verb,no exact MW headword
उपधारय्,7,verb,no exact MW headword
उपवेशय्,7,indecl,no exact MW headword
कक्षीवन्त्,7,noun,no exact MW headword
कदापि,7,indecl,no exact MW headword
कम्पय्,7,verb,no exact MW headword
कर्तु,7,noun,no exact MW headword
काकणी,7,noun,no exact MW headword
कामय्,7,part,no exact MW headword
कारयितु,7,noun,no exact MW headword
कुष्ठिन्,7,noun,no exact MW headword
कैवर्त,7,noun,no exact MW headword
गेहिनी,7,noun,no exact MW headword
चूर्णय्,7,part,no exact MW headword
छादय्,7,part,no exact MW headword
जिघांस्,7,part,no exact MW headword
जिघांस्,7,verb,no exact MW headword
जोहव्,7,verb,no exact MW headword
ज्यैष्ठ्य,7,noun,no exact MW headword
त्रिविष्टप,7,noun,no exact MW headword
दिशागज,7,noun,no exact MW headword
दीदी,7,verb,no exact MW headword
दीपय्,7,part,no exact MW headword
नमय्,7,part,no exact MW headword
नमस्यन्ति,7,,no exact MW headword
नाध्,7,part,no exact MW headword
निकृत्,7,verb,no exact MW headword
निर्यातय्,7,part,no exact MW headword
निष्कासय्,7,indecl,no exact MW headword
नोनाव्,7,verb,no exact MW headword
परिपूरय्,7,part,no exact MW headword
परिप्रच्छ्,7,part,no exact MW headword
परिवर्तय्,7,part,no exact MW headword
परिवेष्टय्,7,indecl,no exact MW headword
पुलकित,7,noun,no exact MW headword
पूरय्,7,indecl,no exact MW headword
पौर्णमासी,7,noun,no exact MW headword
प्रगा,7,verb,no exact MW headword
प्रच्छादय्,7,indecl,no exact MW headword
प्रज्ञपय्,7,part,no exact MW headword
प्रतिपूजय्,7,part,no exact MW headword
प्रतिबोधय्,7,part,no exact MW headword
प्रतियुध्,7,verb,no exact MW headword
प्रतिस्तम्भ्,7,part,no exact MW headword
प्रवासय्,7,part,no exact MW headword
बस्त,7,noun,no exact MW headword
मानय्,7,verb,no exact MW headword
रथिन्,7,noun,no exact MW headword
रोषय्,7,part,no exact MW headword
लेण्ड,7,noun,no exact MW headword
लोभय्,7,part,no exact MW headword
वातापि,7,noun,no exact MW headword
वादय्,7,verb,no exact MW headword
विक्षन्,7,part,no exact MW headword
विचारय्,7,part,no exact MW headword
विचारय्,7,verb,no exact MW headword
विज्ञपय्,7,part,no exact MW headword
वितृ,7,verb,no exact MW headword
विध्वंसय्,7,part,no exact MW headword
विध्वंसय्,7,verb,no exact MW headword
विभावय्,7,part,no exact MW headword
विभावय्,7,verb,no exact MW headword
विशोधय्,7,part,no exact MW headword
व्यवसा,7,part,no exact MW headword
शिरोधरा,7,noun,no exact MW headword
शृ,7,part,no exact MW headword
संप्रेषय्,7,verb,no exact MW headword
संवर्धय्,7,part,no exact MW headword
सखीय्,7,part,no exact MW headword
समुदाहृ,7,part,no exact MW headword
समुदीरय्,7,part,no exact MW headword
सम्प्रकास्,7,verb,no exact MW headword
सम्भावय्,7,verb,no exact MW headword
स्रग्विन्,7,noun,no exact MW headword
(स्था1_णिच्,6,part,no exact MW headword
अङ्गुलीयक,6,noun,no exact MW headword
अचिन्तयत्,6,noun,no exact MW headword
अतिपातन,6,noun,no exact MW headword
अधिविद्,6,part,no exact MW headword
अनुचिन्तय्,6,part,no exact MW headword
अपवाहय्,6,verb,no exact MW headword
अपसारय्,6,part,no exact MW headword
अभिप्रलम्ब्,6,part,no exact MW headword
अभिषेचय्,6,part,no exact MW headword
अवतारय्,6,indecl,no exact MW headword
अवतारय्,6,verb,no exact MW headword
अवभासय्,6,part,no exact MW headword
अवमानय्,6,part,no exact MW headword
आनायय्,6,verb,no exact MW headword
आवर्तय्,6,verb,no exact MW headword
आवाहय्,6,verb,no exact MW headword
आहितक,6,noun,no exact MW headword
उत्कण्ठ्,6,part,no exact MW headword
उपगुह्,6,part,no exact MW headword
उपजापय्,6,verb,no exact MW headword
उपनीवि,6,indecl,no exact MW headword
उपलक्षय्,6,part,no exact MW headword
उपलिङ्गन,6,noun,no exact MW headword
उपस्थापय्,6,part,no exact MW headword
उपस्थापय्,6,verb,no exact MW headword
ऋक्षरजस्,6,noun,no exact MW headword
एतादृश,6,noun,no exact MW headword
कर्षय्,6,part,no exact MW headword
कलय्,6,part,no exact MW headword
कलय्,6,verb,no exact MW headword
कल्पवृक्ष,6,noun,no exact MW headword
कुङ्कुम,6,noun,no exact MW headword
कृ3,6,part,no exact MW headword
गृणत्,6,noun,no exact MW headword
घोषय्,6,verb,no exact MW headword
चतुर्महाराजिक,6,noun,no exact MW headword
जनकसुता,6,noun,no exact MW headword
जनाधिप,6,noun,no exact MW headword
जिज्ञासा,6,noun,no exact MW headword
तापय्,6,part,no exact MW headword
त्रिलोक,6,noun,no exact MW headword
दाहय्,6,verb,no exact MW headword
दिधक्ष्,6,part,no exact MW headword
दुवस्य्,6,verb,no exact MW headword
द्योतय्,6,part,no exact MW headword
धनाध्यक्ष,6,noun,no exact MW headword
नप्तृ,6,noun,no exact MW headword
नमस्य्,6,verb,no exact MW headword
निःसारय्,6,part,no exact MW headword
निदर्शय्,6,part,no exact MW headword
निपातय्,6,part,no exact MW headword
निर्धू,6,part,no exact MW headword
पयोधि,6,noun,no exact MW headword
परितोषय्,6,part,no exact MW headword
परित्रा,6,part,no exact MW headword
परिदेवय्,6,part,no exact MW headword
परिनिर्वा,6,verb,no exact MW headword
परिवर्जय्,6,part,no exact MW headword
परिहापय्,6,verb,no exact MW headword
पिधा,6,indecl,no exact MW headword
पूजय्,6,indecl,no exact MW headword
पृथा,6,noun,no exact MW headword
प्रगम्,6,verb,no exact MW headword
प्रणद्,6,verb,no exact MW headword
प्रतिषेधय्,6,verb,no exact MW headword
प्रतिसंसर्ग,6,noun,no exact MW headword
प्रत्युत्था,6,indecl,no exact MW headword
प्रथय्,6,verb,no exact MW headword
प्रध्या,6,verb,no exact MW headword
प्ररूपय्,6,verb,no exact MW headword
प्रव्राजय्,6,part,no exact MW headword
प्रापय्,6,part,no exact MW headword
भास्वन्त्,6,noun,no exact MW headword
मान्दारव,6,noun,no exact MW headword
युयुत्स्,6,part,no exact MW headword
रक्षय्,6,verb,no exact MW headword
वर्जय्,6,indecl,no exact MW headword
वर्धय्,6,indecl,no exact MW headword
वादय्,6,part,no exact MW headword
वाहय्,6,verb,no exact MW headword
विक्रीड्,6,part,no exact MW headword
विज्ञापय्,6,indecl,no exact MW headword
विज्ञापय्,6,verb,no exact MW headword
वितृप्,6,part,no exact MW headword
वित्तवत्,6,noun,no exact MW headword
विधम्,6,part,no exact MW headword
विनिर्या,6,verb,no exact MW headword
विपण्य,6,noun,no exact MW headword
विलाप,6,noun,no exact MW headword
विवस्वन्त्,6,noun,no exact MW headword
विशेषय्,6,part,no exact MW headword
विशेषात्,6,indecl,no exact MW headword
व्याव्यध्,6,indecl,no exact MW headword
शा,6,verb,no exact MW headword
शापय्,6,part,no exact MW headword
शोषय्,6,part,no exact MW headword
षोडशन्,6,noun,no exact MW headword
संचिन्तय्,6,verb,no exact MW headword
संछादय्,6,part,no exact MW headword
संतृ,6,verb,no exact MW headword
संदर्शय्,6,indecl,no exact MW headword
संनिवेशय्,6,verb,no exact MW headword
संप्रकाशय्,6,verb,no exact MW headword
संप्रहर्षय्,6,part,no exact MW headword
संप्रहर्षय्,6,verb,no exact MW headword
संयोजय्,6,verb,no exact MW headword
संवर्धय्,6,verb,no exact MW headword
संस्थापय्,6,indecl,no exact MW headword
समभिद्रु,6,part,no exact MW headword
समर्थय्,6,part,no exact MW headword
समाक्रम्,6,indecl,no exact MW headword
समुत्थापय्,6,indecl,no exact MW headword
साक्षात्कृ,6,part,no exact MW headword
सादय्,6,part,no exact MW headword
सान्त्वय्,6,verb,no exact MW headword
सुभ्रू,6,noun,no exact MW headword
सूचय्,6,verb,no exact MW headword
सोदर्य,6,noun,no exact MW headword
स्थगय्,6,part,no exact MW headword
स्मारय्,6,verb,no exact MW headword
स्वर्गत,6,noun,no exact MW headword
हिङ्गुलुक,6,noun,no exact MW headword
ह्यस्,6,indecl,no exact MW headword
अकुर्वत्,5,noun,no exact MW headword
अकृतबुद्धित्व,5,noun,no exact MW headword
अक्लिष्ट,5,noun,no exact MW headword
अतिवेग,5,noun,no exact MW headword
अदृश्यमान,5,noun,no exact MW headword
अध्यापय्,5,part,no exact MW headword
अनपकर्मन्,5,noun,no exact MW headword
अनभिगमन,5,noun,no exact MW headword
अनिकेत,5,noun,no exact MW headword
अनुश्रावय्,5,verb,no exact MW headword
अन्तरीक्ष,5,noun,no exact MW headword
अपव्यय,5,noun,no exact MW headword
अपाङ्क्त्य,5,noun,no exact MW headword
अभिगुप्,5,part,no exact MW headword
अभिनादय्,5,part,no exact MW headword
अभिनिर्मा,5,part,no exact MW headword
अभिपूजय्,5,indecl,no exact MW headword
अभिमन्त्रय्,5,indecl,no exact MW headword
अभिमन्त्रय्,5,part,no exact MW headword
अभिवन्द्,5,part,no exact MW headword
अभीक्ष्णशस्,5,indecl,no exact MW headword
अभ्यवपद्,5,verb,no exact MW headword
अभ्युद्यम्,5,part,no exact MW headword
अर्चय्,5,indecl,no exact MW headword
अवतारय्,5,part,no exact MW headword
अष्टादशन्,5,noun,no exact MW headword
आत्मसम्भव,5,noun,no exact MW headword
आदीप्,5,part,no exact MW headword
आभिषेचनिक,5,noun,no exact MW headword
आलोकय्,5,part,no exact MW headword
आवर्जय्,5,part,no exact MW headword
आश्वासय्,5,indecl,no exact MW headword
इल,5,noun,no exact MW headword
उज्झता,5,noun,no exact MW headword
उडुराज्,5,noun,no exact MW headword
उत्तारय्,5,part,no exact MW headword
उद,5,noun,no exact MW headword
उद्गृ,5,part,no exact MW headword
उद्गृ,5,verb,no exact MW headword
उद्घाटय्,5,indecl,no exact MW headword
उन्मूलय्,5,part,no exact MW headword
उपहिंस्,5,verb,no exact MW headword
उपाश्,5,verb,no exact MW headword
उरुष्य्,5,verb,no exact MW headword
ऋभुक्षन्,5,noun,no exact MW headword
ओषधी,5,noun,no exact MW headword
कतिचिद्,5,indecl,no exact MW headword
कार्त्स्न्य,5,noun,no exact MW headword
क्रिमि,5,noun,no exact MW headword
क्षोभय्,5,part,no exact MW headword
खञ्ज,5,noun,no exact MW headword
खानय्,5,verb,no exact MW headword
गाधि,5,noun,no exact MW headword
गोपय्,5,verb,no exact MW headword
ग्रामिक,5,noun,no exact MW headword
ग्राहय्,5,indecl,no exact MW headword
घट्टय्,5,verb,no exact MW headword
चारय्,5,part,no exact MW headword
चौर्य,5,noun,no exact MW headword
च्यावय्,5,verb,no exact MW headword
छुच्छुन्दरि,5,noun,no exact MW headword
जनकनन्दिनि,5,noun,no exact MW headword
जिज्ञास्,5,part,no exact MW headword
तपस्य्,5,part,no exact MW headword
तर्जय्,5,part,no exact MW headword
तर्हि,5,indecl,no exact MW headword
ताडय्,5,indecl,no exact MW headword
तुष्णीभाव,5,noun,no exact MW headword
तोत्र,5,noun,no exact MW headword
त्र्यवर,5,noun,no exact MW headword
द्वादशन्,5,noun,no exact MW headword
धर्मधातु,5,noun,no exact MW headword
धर्षय्,5,indecl,no exact MW headword
नास्तिक्य,5,noun,no exact MW headword
निरूपय्,5,verb,no exact MW headword
निर्भर्त्सय्,5,part,no exact MW headword
निर्वाहय्,5,verb,no exact MW headword
निवारय्,5,indecl,no exact MW headword
निश्चि,5,part,no exact MW headword
परास्,5,verb,no exact MW headword
परिकल्पय्,5,part,no exact MW headword
परिकीर्तय्,5,part,no exact MW headword
परिपीडय्,5,part,no exact MW headword
परिवर्तय्,5,verb,no exact MW headword
परिवेष्टय्,5,part,no exact MW headword
पह्लव,5,noun,no exact MW headword
पाणिपल्लव,5,noun,no exact MW headword
पारय्,5,part,no exact MW headword
पावय्,5,part,no exact MW headword
पावय्,5,verb,no exact MW headword
पैशुन्य,5,noun,no exact MW headword
प्र_ली1,5,part,no exact MW headword
प्रकाश्,5,part,no exact MW headword
प्रक्षालय्,5,indecl,no exact MW headword
प्रचोदय्,5,verb,no exact MW headword
प्रच्छादय्,5,part,no exact MW headword
प्रतिदिवसम्,5,indecl,no exact MW headword
प्रतिपृ,5,part,no exact MW headword
प्रतिसंमुद्,5,verb,no exact MW headword
प्रत्यवेक्षा,5,noun,no exact MW headword
प्रपूरय्,5,verb,no exact MW headword
प्रयोजय्,5,part,no exact MW headword
प्रलोभय्,5,indecl,no exact MW headword
प्रसविन्,5,noun,no exact MW headword
प्रस्थापय्,5,verb,no exact MW headword
प्रहवण,5,noun,no exact MW headword
प्रार्थना,5,noun,no exact MW headword
बुद्धक्षेत्र,5,noun,no exact MW headword
बोधिवृक्ष,5,noun,no exact MW headword
भर्त्सय्,5,part,no exact MW headword
मण्डय्,5,verb,no exact MW headword
मनोभव,5,noun,no exact MW headword
मषि,5,noun,no exact MW headword
महापातकिन्,5,noun,no exact MW headword
मारय्,5,verb,no exact MW headword
मित्रावरुण,5,noun,no exact MW headword
मिश्रय्,5,part,no exact MW headword
मृगमद,5,noun,no exact MW headword
मोक्षय्,5,verb,no exact MW headword
मोचय्,5,part,no exact MW headword
मोहय्,5,verb,no exact MW headword
यूपाक्ष,5,noun,no exact MW headword
योजय्,5,indecl,no exact MW headword
यौगपद्य,5,noun,no exact MW headword
वंसग,5,noun,no exact MW headword
वर्धकि,5,noun,no exact MW headword
वार्द्धुषिन्,5,noun,no exact MW headword
विचालयेत्,5,,no exact MW headword
वितर्कय्,5,part,no exact MW headword
विदर्शय्,5,verb,no exact MW headword
विभावय्,5,indecl,no exact MW headword
विरचय्,5,part,no exact MW headword
विवर्धय्,5,part,no exact MW headword
विवर्धय्,5,verb,no exact MW headword
विश्रावय्,5,indecl,no exact MW headword
वेष्टय्,5,part,no exact MW headword
व्यदारयत्,5,,no exact MW headword
शब्दापय्,5,verb,no exact MW headword
शिक्षय्,5,verb,no exact MW headword
शृ,5,verb,no exact MW headword
संकम्प्,5,part,no exact MW headword
संचारय्,5,indecl,no exact MW headword
संजनय्,5,indecl,no exact MW headword
संदर्शय्,5,part,no exact MW headword
संपुष्पित,5,noun,no exact MW headword
संवल्,5,part,no exact MW headword
संसाधय्,5,verb,no exact MW headword
समर्थय्,5,verb,no exact MW headword
समाक्रम्,5,part,no exact MW headword
समालिङ्गय्,5,indecl,no exact MW headword
समाव्यध्,5,indecl,no exact MW headword
समुद्धन्,5,part,no exact MW headword
सम्पश्यत्,5,part,no exact MW headword
सम्पीडय्,5,part,no exact MW headword
सम्मूर्छ्,5,part,no exact MW headword
सलिलाशय,5,noun,no exact MW headword
साक्षिक,5,noun,no exact MW headword
सुखय्,5,verb,no exact MW headword
स्नुही,5,noun,no exact MW headword
अखेद,4,noun,no exact MW headword
अज्,4,verb,no exact MW headword
अतिवाहय्,4,indecl,no exact MW headword
अधिवासय्,4,part,no exact MW headword
अधिवासय्,4,verb,no exact MW headword
अध्यापय्,4,verb,no exact MW headword
अनर्चित,4,noun,no exact MW headword
अनलंकृत,4,noun,no exact MW headword
अनला,4,noun,no exact MW headword
अनवरत,4,noun,no exact MW headword
अनुनादय्,4,part,no exact MW headword
अनुरञ्जय्,4,part,no exact MW headword
अन्वेषण,4,noun,no exact MW headword
अपराधिन्,4,noun,no exact MW headword
अपसर्पय्,4,verb,no exact MW headword
अप्रतीकार,4,noun,no exact MW headword
अप्रविष्ट,4,noun,no exact MW headword
अभिधायिन्,4,noun,no exact MW headword
अभिप्रसादय्,4,indecl,no exact MW headword
अभिरम्य,4,noun,no exact MW headword
अभ्युदीक्ष्,4,verb,no exact MW headword
अमनोज्ञ,4,noun,no exact MW headword
अमानित,4,noun,no exact MW headword
अर्थय्,4,part,no exact MW headword
अर्थय्,4,verb,no exact MW headword
अवघोषण,4,noun,no exact MW headword
अवज्ञान,4,noun,no exact MW headword
अवपीडय्,4,indecl,no exact MW headword
अवलेप्य,4,noun,no exact MW headword
अवस्थापय्,4,verb,no exact MW headword
अविसंवादक,4,noun,no exact MW headword
अश्रद्धेय,4,noun,no exact MW headword
असंनिधि,4,noun,no exact MW headword
असंभाव्य,4,noun,no exact MW headword
आकलय्,4,indecl,no exact MW headword
आकारय्,4,part,no exact MW headword
आकारय्,4,verb,no exact MW headword
आन्तरिक,4,noun,no exact MW headword
आप्￞,4,part,no exact MW headword
आरालिक,4,noun,no exact MW headword
आरोहय्,4,verb,no exact MW headword
आवेदय्,4,part,no exact MW headword
आशय्,4,verb,no exact MW headword
आस्तरक,4,noun,no exact MW headword
आस्तृ,4,indecl,no exact MW headword
इष्वस्त्र,4,noun,no exact MW headword
उत्तृ,4,part,no exact MW headword
उत्तृ,4,verb,no exact MW headword
उत्पादय्,4,indecl,no exact MW headword
उत्सादय्,4,verb,no exact MW headword
उद्घाटय्,4,part,no exact MW headword
उद्योजय्,4,verb,no exact MW headword
उन्मादय्,4,verb,no exact MW headword
उन्मूलय्,4,verb,no exact MW headword
उपक्ﾱप्,4,verb,no exact MW headword
उपदर्शय्,4,part,no exact MW headword
उपधारय,4,,no exact MW headword
उपनिमन्त्रय्,4,verb,no exact MW headword
उपलक्षय्,4,indecl,no exact MW headword
उपसंक्रम्,4,part,no exact MW headword
उष्ठ,4,noun,no exact MW headword
ऋभ्वस्,4,noun,no exact MW headword
औपायनिक,4,noun,no exact MW headword
कञ्चुकीय,4,noun,no exact MW headword
कश्चन,4,part,no exact MW headword
काम-धुक्,4,,no exact MW headword
कार्षिक,4,noun,no exact MW headword
केतकी,4,noun,no exact MW headword
कोपय्,4,verb,no exact MW headword
कौणपदन्त,4,noun,no exact MW headword
क्षपय्,4,part,no exact MW headword
घटय्,4,verb,no exact MW headword
घट्टय्,4,part,no exact MW headword
घातय्,4,part,no exact MW headword
चतुर्विंशति,4,noun,no exact MW headword
चमूपति,4,noun,no exact MW headword
जमदग्नि,4,noun,no exact MW headword
जर्गुर्,4,verb,no exact MW headword
जवीयस्,4,noun,no exact MW headword
जाज्वल्,4,part,no exact MW headword
जायु,4,noun,no exact MW headword
जिगीष्,4,part,no exact MW headword
जीवय्,4,verb,no exact MW headword
तगर,4,noun,no exact MW headword
तन्यतु,4,noun,no exact MW headword
तिग्मरश्मि,4,noun,no exact MW headword
तुलय्,4,part,no exact MW headword
तेजय्,4,part,no exact MW headword
त्रेधा,4,indecl,no exact MW headword
त्वादृश,4,noun,no exact MW headword
दयालु,4,noun,no exact MW headword
दापक,4,noun,no exact MW headword
दिदृक्ष्,4,part,no exact MW headword
दुरवाप,4,noun,no exact MW headword
दुर्दृश,4,noun,no exact MW headword
दुष्प्रेक्ष्य,4,noun,no exact MW headword
दुहितृका,4,noun,no exact MW headword
दूषय्,4,indecl,no exact MW headword
दृषद्,4,noun,no exact MW headword
देशय्,4,part,no exact MW headword
द्यावाक्षम्,4,noun,no exact MW headword
द्रावय्,4,part,no exact MW headword
धनाधिप,4,noun,no exact MW headword
धनुष्काण्ड,4,noun,no exact MW headword
धन्यतर,4,noun,no exact MW headword
धूपय्,4,part,no exact MW headword
ध्वनय्,4,part,no exact MW headword
नक्तोषासा,4,noun,no exact MW headword
नक्ष्,4,verb,no exact MW headword
नमस्कृ,4,indecl,no exact MW headword
निदर्शय्,4,verb,no exact MW headword
नियमय्,4,part,no exact MW headword
नियोजय्,4,indecl,no exact MW headword
नियोजय्,4,part,no exact MW headword
निर्वासय्,4,part,no exact MW headword
निशामय्,4,verb,no exact MW headword
निष्प्रभता,4,noun,no exact MW headword
परिकल्पय्,4,verb,no exact MW headword
परिप्रापय्,4,verb,no exact MW headword
परिमार्ग्,4,verb,no exact MW headword
परिलिह्,4,part,no exact MW headword
परिवेत्तृ,4,noun,no exact MW headword
परिसान्त्वय्,4,part,no exact MW headword
परीप्स्,4,verb,no exact MW headword
परीष्,4,part,no exact MW headword
परीष्,4,verb,no exact MW headword
पर्शुका,4,noun,no exact MW headword
पाटय्,4,part,no exact MW headword
पाठय्,4,part,no exact MW headword
पाणिग्राह,4,noun,no exact MW headword
पादात,4,noun,no exact MW headword
पारमि,4,noun,no exact MW headword
पारय्,4,verb,no exact MW headword
पालय्,4,indecl,no exact MW headword
पिधा,4,part,no exact MW headword
पीवस्,4,noun,no exact MW headword
प्रकम्पय्,4,part,no exact MW headword
प्रकाशयति,4,,no exact MW headword
प्रक्षालय्,4,verb,no exact MW headword
प्रच्छादय्,4,verb,no exact MW headword
प्रतर्कय्,4,part,no exact MW headword
प्रतिनादय्,4,part,no exact MW headword
प्रतिनिवर्तय्,4,indecl,no exact MW headword
प्रतिबोधय्,4,verb,no exact MW headword
प्रतिवेदय्,4,part,no exact MW headword
प्रतिशरण,4,noun,no exact MW headword
प्रतिषेधय्,4,part,no exact MW headword
प्रतिष्ठापय्,4,part,no exact MW headword
प्रतिसमानी,4,verb,no exact MW headword
प्रतिस्रोतस्,4,indecl,no exact MW headword
प्रत्याश्वस्,4,part,no exact MW headword
प्रथय्,4,part,no exact MW headword
प्रदक्षिणीकृ,4,part,no exact MW headword
प्रदर्शय्,4,indecl,no exact MW headword
प्रदर्शय्,4,verb,no exact MW headword
प्रदिह्,4,part,no exact MW headword
प्रबोधय्,4,verb,no exact MW headword
प्रभंकर,4,noun,no exact MW headword
प्रमापण,4,noun,no exact MW headword
प्ररन्,4,verb,no exact MW headword
प्रस्वापय्,4,verb,no exact MW headword
प्रह्लादय्,4,part,no exact MW headword
प्राव्,4,verb,no exact MW headword
प्रुषाय्,4,verb,no exact MW headword
प्रेरय्,4,part,no exact MW headword
प्रेरय्,4,verb,no exact MW headword
प्रोत्साहय्,4,indecl,no exact MW headword
बाह्लि,4,noun,no exact MW headword
भवादृश,4,noun,no exact MW headword
भेदय्,4,part,no exact MW headword
भैक्ष्यम्,4,,no exact MW headword
मातृष्वसृ,4,noun,no exact MW headword
मुषाय्,4,verb,no exact MW headword
मृगय्,4,part,no exact MW headword
मृगय्,4,verb,no exact MW headword
मोचय्,4,indecl,no exact MW headword
यदृच्छा-लाभ-सन्तुष्ट,4,noun,no exact MW headword
यापय्,4,part,no exact MW headword
रन्धय्,4,verb,no exact MW headword
राजहंसी,4,noun,no exact MW headword
रूपधृक्,4,noun,no exact MW headword
लक्षय्,4,part,no exact MW headword
लालप्य्,4,part,no exact MW headword
लेलिह्,4,part,no exact MW headword
लोडय्,4,part,no exact MW headword
वल्लरी,4,noun,no exact MW headword
वालुका,4,noun,no exact MW headword
विकल्पय्,4,verb,no exact MW headword
विक्रेतृ,4,noun,no exact MW headword
विक्षोभय्,4,indecl,no exact MW headword
विक्ﾱप्,4,verb,no exact MW headword
विगणय्,4,indecl,no exact MW headword
विगर्हय्,4,verb,no exact MW headword
विडम्बय्,4,verb,no exact MW headword
विनिपातय्,4,verb,no exact MW headword
विनिवर्तय्,4,part,no exact MW headword
विनिष्क्रम्,4,indecl,no exact MW headword
वियोजय्,4,part,no exact MW headword
विरहय्,4,indecl,no exact MW headword
विरोधय्,4,part,no exact MW headword
विलङ्गा,4,noun,no exact MW headword
विलुल्,4,part,no exact MW headword
विवक्ष्,4,part,no exact MW headword
विवासय्,4,verb,no exact MW headword
विवास्,4,verb,no exact MW headword
विषादय्,4,part,no exact MW headword
विसर्जय्,4,indecl,no exact MW headword
विस्फारय्,4,verb,no exact MW headword
विह्वल्,4,part,no exact MW headword
वेदय्,4,part,no exact MW headword
वैधरण,4,noun,no exact MW headword
वैधव्य,4,noun,no exact MW headword
व्यवलोकय्,4,indecl,no exact MW headword
व्यावर्तय्,4,part,no exact MW headword
शैलराज,4,noun,no exact MW headword
श्रवस्य्,4,part,no exact MW headword
संकुञ्च्,4,part,no exact MW headword
संक्षुभ्,4,verb,no exact MW headword
संख्यायक,4,noun,no exact MW headword
संजनय्,4,part,no exact MW headword
संजनय्,4,verb,no exact MW headword
संतापय्,4,part,no exact MW headword
संतारय्,4,verb,no exact MW headword
संनिवर्तय्,4,indecl,no exact MW headword
संनिवेशय्,4,indecl,no exact MW headword
संपरिवारय्,4,indecl,no exact MW headword
संपश्,4,part,no exact MW headword
संप्ररन्,4,verb,no exact MW headword
संमानय्,4,part,no exact MW headword
संयूह्य,4,noun,no exact MW headword
समनुप्राप्,4,indecl,no exact MW headword
समाचक्ष्,4,verb,no exact MW headword
समाज्ञापय्,4,verb,no exact MW headword
समुच्छिद्,4,part,no exact MW headword
समुद्धान,4,noun,no exact MW headword
समुद्युज्,4,part,no exact MW headword
समुपेक्ष्,4,verb,no exact MW headword
समेध्,4,part,no exact MW headword
सम्_जि1,4,part,no exact MW headword
सम्परिक्रम्,4,indecl,no exact MW headword
सम्पीडय्,4,indecl,no exact MW headword
सम्प्रकम्प्,4,verb,no exact MW headword
सम्प्रक्षुभ्,4,verb,no exact MW headword
सम्प्रच्छ्,4,part,no exact MW headword
सम्प्रयुध्,4,part,no exact MW headword
सहोढ,4,noun,no exact MW headword
सायाह्न,4,noun,no exact MW headword
सुखतर,4,noun,no exact MW headword
सुरापगा,4,noun,no exact MW headword
सुसंधि,4,noun,no exact MW headword
सूदय्,4,part,no exact MW headword
हुडु,4,noun,no exact MW headword
हुतवह,4,noun,no exact MW headword
हृदयंगम,4,noun,no exact MW headword
ह्लादय्,4,part,no exact MW headword
अकुर्वाण,3,noun,no exact MW headword
अक्रियमाण,3,noun,no exact MW headword
अट्,3,part,no exact MW headword
अट्,3,verb,no exact MW headword
अतन्द्रिन्,3,noun,no exact MW headword
अतिक्रामय्,3,verb,no exact MW headword
अत्यासादय्,3,part,no exact MW headword
अधमर्णिक,3,noun,no exact MW headword
अधरीकृ,3,part,no exact MW headword
अधिमासक,3,noun,no exact MW headword
अधिमुच्,3,part,no exact MW headword
अनपक्रिया,3,noun,no exact MW headword
अनभियुक्त,3,noun,no exact MW headword
अनसूयु,3,noun,no exact MW headword
अनालक्ष्य,3,noun,no exact MW headword
अनिर्वृत,3,noun,no exact MW headword
अनु_इष्2,3,part,no exact MW headword
अनुकीर्तय्,3,part,no exact MW headword
अनुदक,3,noun,no exact MW headword
अनुवर्तय्,3,verb,no exact MW headword
अन्वेषिन्,3,noun,no exact MW headword
अपवर्जय्,3,part,no exact MW headword
अपवाहय्,3,indecl,no exact MW headword
अपश्यमान,3,noun,no exact MW headword
अपसारय्,3,verb,no exact MW headword
अप्रदान,3,noun,no exact MW headword
अप्रमादिन्,3,noun,no exact MW headword
अप्रहृष्ट,3,noun,no exact MW headword
अप्राप्तक,3,noun,no exact MW headword
अबीज,3,noun,no exact MW headword
अभास्कर,3,noun,no exact MW headword
अभिचोदय्,3,verb,no exact MW headword
अभिनिर्मा,3,indecl,no exact MW headword
अभिपालय्,3,part,no exact MW headword
अभियोजय्,3,verb,no exact MW headword
अभिवर्षय्,3,part,no exact MW headword
अभिविरुच्,3,verb,no exact MW headword
अभिविश्रु,3,part,no exact MW headword
अभिसंयुज्,3,part,no exact MW headword
अभिसंरभ्,3,part,no exact MW headword
अभीप्स्,3,verb,no exact MW headword
अभ्यनुज्ञापय्,3,indecl,no exact MW headword
अभ्यर्ह्,3,part,no exact MW headword
अभ्युत्क्षिप्,3,indecl,no exact MW headword
अमनाप,3,noun,no exact MW headword
अयज्वन्,3,noun,no exact MW headword
अयुध्यमान,3,noun,no exact MW headword
अरुणित,3,noun,no exact MW headword
अर्जय्,3,verb,no exact MW headword
अर्दय्,3,indecl,no exact MW headword
अर्पितमनोबुद्धिः,3,,no exact MW headword
अवक्रीतक,3,noun,no exact MW headword
अवघोषय्,3,verb,no exact MW headword
अवचय,3,noun,no exact MW headword
अवपातय्,3,verb,no exact MW headword
अवपीडय्,3,part,no exact MW headword
अवप्लु,3,part,no exact MW headword
अवशृ,3,verb,no exact MW headword
अवस्वप्,3,part,no exact MW headword
अविधि,3,noun,no exact MW headword
अशनिप्रभ,3,noun,no exact MW headword
असमशर,3,noun,no exact MW headword
असम्,3,stem,no exact MW headword
अहन्य,3,noun,no exact MW headword
आ_विश्1,3,part,no exact MW headword
आगतक,3,noun,no exact MW headword
आगमय्,3,verb,no exact MW headword
आघट्टय्,3,part,no exact MW headword
आच्छादय्,3,indecl,no exact MW headword
आजीविन्,3,noun,no exact MW headword
आधम्,3,part,no exact MW headword
आपादय्,3,part,no exact MW headword
आपादय्,3,verb,no exact MW headword
आभुज्,3,indecl,no exact MW headword
आमन्त्रय्,3,part,no exact MW headword
आवरणिन्,3,noun,no exact MW headword
आविवास्,3,verb,no exact MW headword
आस्वादय्,3,indecl,no exact MW headword
आहितिका,3,noun,no exact MW headword
इन्द्रनील,3,noun,no exact MW headword
इरज्य्,3,verb,no exact MW headword
उच्छूनक,3,noun,no exact MW headword
उज्ज्वल्,3,part,no exact MW headword
उत्तारय्,3,verb,no exact MW headword
उत्पातिक,3,noun,no exact MW headword
उत्पाद,3,noun,no exact MW headword
उत्सादय्,3,indecl,no exact MW headword
उत्सादय्,3,part,no exact MW headword
उत्सारय्,3,part,no exact MW headword
उदपान,3,noun,no exact MW headword
उदीरय्,3,indecl,no exact MW headword
उद्बन्ध्,3,part,no exact MW headword
उन्नद्,3,part,no exact MW headword
उपकूज्,3,part,no exact MW headword
उपगुह्,3,verb,no exact MW headword
उपजपितृ,3,noun,no exact MW headword
उपदर्शय्,3,indecl,no exact MW headword
उपनृत्,3,verb,no exact MW headword
उपरुह्,3,verb,no exact MW headword
उपश्रु,3,verb,no exact MW headword
उपसंग्रह्,3,indecl,no exact MW headword
उपार्जय्,3,indecl,no exact MW headword
ऊर्जय्,3,part,no exact MW headword
ऋक्वन्,3,noun,no exact MW headword
ऋक्षवन्त्,3,noun,no exact MW headword
ऋघाय्,3,part,no exact MW headword
ऋष्यशृङ्ग,3,noun,no exact MW headword
एज्,3,verb,no exact MW headword
कनिक्रद्,3,part,no exact MW headword
कम्पय्,3,indecl,no exact MW headword
करुणाय्,3,part,no exact MW headword
कर्पूरद्वीप,3,noun,no exact MW headword
काञ्चुकीय,3,noun,no exact MW headword
कारयन्,3,,no exact MW headword
कार्मान्तिक,3,noun,no exact MW headword
क्रामिन्,3,noun,no exact MW headword
क्षपय्,3,verb,no exact MW headword
ख्यापय्,3,part,no exact MW headword
गजाह्वय,3,noun,no exact MW headword
गणय्,3,part,no exact MW headword
गन्धोदक,3,noun,no exact MW headword
गुणय्,3,part,no exact MW headword
गृभाय्,3,verb,no exact MW headword
ग्ला,3,part,no exact MW headword
घूर्ण्,3,part,no exact MW headword
घृष्वि,3,noun,no exact MW headword
चातुर्महाराजकायिक,3,noun,no exact MW headword
चालय्,3,verb,no exact MW headword
चिकित्स्,3,part,no exact MW headword
चितय्,3,part,no exact MW headword
चूडक,3,noun,no exact MW headword
चेकित्,3,verb,no exact MW headword
चेटिका,3,noun,no exact MW headword
चोरय्,3,indecl,no exact MW headword
छन्द्,3,verb,no exact MW headword
जत्रु,3,noun,no exact MW headword
जन्3_णिच्,3,part,no exact MW headword
जरय्,3,part,no exact MW headword
जरय्,3,verb,no exact MW headword
जिघृक्षय्,3,part,no exact MW headword
जुगुप्स्,3,part,no exact MW headword
जोङ्गक,3,noun,no exact MW headword
जोषय्,3,verb,no exact MW headword
ज्वलय्,3,verb,no exact MW headword
तरुणाय्,3,verb,no exact MW headword
तर्जय्,3,verb,no exact MW headword
तादात्विक,3,noun,no exact MW headword
तापनीय,3,noun,no exact MW headword
तालावचर,3,noun,no exact MW headword
तितिक्ष्,3,part,no exact MW headword
तुविष्मत्,3,noun,no exact MW headword
तूष्णीभू,3,part,no exact MW headword
त्यक्तु,3,noun,no exact MW headword
त्याजय्,3,part,no exact MW headword
त्रयस्त्रिंशत्,3,noun,no exact MW headword
त्रायत्रिंशत्,3,noun,no exact MW headword
त्रितय,3,noun,no exact MW headword
त्वरय्,3,part,no exact MW headword
दण्डय्,3,verb,no exact MW headword
दर्दर्,3,verb,no exact MW headword
दशनच्छद,3,noun,no exact MW headword
दशानन,3,noun,no exact MW headword
दारक्रिया,3,noun,no exact MW headword
दारय्,3,part,no exact MW headword
दुरवगाह,3,noun,no exact MW headword
दुरावार,3,noun,no exact MW headword
दुर्-निरीक्ष्यम्,3,,no exact MW headword
दुर्ज्ञेय,3,noun,no exact MW headword
दुर्विषह्य,3,noun,no exact MW headword
दृष्टीविष,3,noun,no exact MW headword
देवलक,3,noun,no exact MW headword
दोलाय्,3,verb,no exact MW headword
द्विजसत्तम,3,noun,no exact MW headword
धनय्,3,verb,no exact MW headword
धनसा,3,noun,no exact MW headword
धान्यवत्,3,noun,no exact MW headword
धावक,3,noun,no exact MW headword
नभस्वन्त्,3,noun,no exact MW headword
नमस्कृ,3,verb,no exact MW headword
नानद्,3,part,no exact MW headword
नामय्,3,part,no exact MW headword
नि_युज्1,3,part,no exact MW headword
निखानय्,3,verb,no exact MW headword
निनद्,3,verb,no exact MW headword
निनादय्,3,part,no exact MW headword
निबन्धक,3,noun,no exact MW headword
निबर्हय्,3,part,no exact MW headword
निर्जन्,3,part,no exact MW headword
निर्धू,3,indecl,no exact MW headword
निर्धूपय्,3,part,no exact MW headword
निर्बन्ध्,3,part,no exact MW headword
निर्वर्तय्,3,part,no exact MW headword
निर्वासय्,3,verb,no exact MW headword
निवर्तय्,3,indecl,no exact MW headword
निश्वास,3,noun,no exact MW headword
निषेचय्,3,verb,no exact MW headword
निष्टन्,3,part,no exact MW headword
निष्पा,3,part,no exact MW headword
निष्पातय्,3,part,no exact MW headword
निष्पीडय्,3,indecl,no exact MW headword
नीरजस्क,3,noun,no exact MW headword
नीवीक,3,noun,no exact MW headword
नुद,3,noun,no exact MW headword
नेमिक,3,noun,no exact MW headword
नैपुण,3,noun,no exact MW headword
पज्रिय,3,noun,no exact MW headword
पतिक,3,noun,no exact MW headword
पद्मसंभव,3,noun,no exact MW headword
परिकीर्तय्,3,verb,no exact MW headword
परिक्लिद्,3,part,no exact MW headword
परिक्षन्,3,part,no exact MW headword
परिखिद्,3,part,no exact MW headword
परिघवत्,3,noun,no exact MW headword
परितापय्,3,verb,no exact MW headword
परितोषय्,3,verb,no exact MW headword
परित्रा,3,verb,no exact MW headword
परिपू,3,part,no exact MW headword
परिपूरय्,3,indecl,no exact MW headword
परिभर्त्स्,3,part,no exact MW headword
परिम्ला,3,part,no exact MW headword
परिव्राजिका,3,noun,no exact MW headword
परिशोधय्,3,verb,no exact MW headword
पर्वतराज,3,noun,no exact MW headword
पाटय्,3,verb,no exact MW headword
पाणिमन्त्,3,noun,no exact MW headword
पुक्कस,3,noun,no exact MW headword
पुष्प्,3,verb,no exact MW headword
पृण्,3,verb,no exact MW headword
पृतन्य्,3,verb,no exact MW headword
पौत्री,3,noun,no exact MW headword
प्रकटय्,3,part,no exact MW headword
प्रकाशय्,3,part,no exact MW headword
प्रकृतिष्ठ,3,noun,no exact MW headword
प्रगर्ज्,3,verb,no exact MW headword
प्रगा,3,part,no exact MW headword
प्रजल्प्,3,verb,no exact MW headword
प्रज्वालय्,3,indecl,no exact MW headword
प्रणद्,3,part,no exact MW headword
प्रतिकाङ्क्ष्,3,part,no exact MW headword
प्रतिगणिका,3,noun,no exact MW headword
प्रतिप्रया,3,part,no exact MW headword
प्रतिबला,3,noun,no exact MW headword
प्रतिमण्डय्,3,part,no exact MW headword
प्रतिवारय्,3,verb,no exact MW headword
प्रतिवेध,3,noun,no exact MW headword
प्रतृ,3,verb,no exact MW headword
प्रत्यनुभू,3,verb,no exact MW headword
प्रत्यर्चय्,3,verb,no exact MW headword
प्रत्याजन्,3,verb,no exact MW headword
प्रत्युत्तृ,3,indecl,no exact MW headword
प्रपीडय्,3,part,no exact MW headword
प्रमृद्,3,part,no exact MW headword
प्रमोचक,3,noun,no exact MW headword
प्रलिप्,3,indecl,no exact MW headword
प्रविप्,3,part,no exact MW headword
प्रविप्,3,verb,no exact MW headword
प्रविभज्,3,indecl,no exact MW headword
प्रविभज्,3,part,no exact MW headword
प्रविभा,3,verb,no exact MW headword
प्रविहा,3,indecl,no exact MW headword
प्रवेध्,3,verb,no exact MW headword
प्रवेपय्,3,part,no exact MW headword
प्रव्यथ्,3,verb,no exact MW headword
प्रशमय्,3,part,no exact MW headword
प्रशमय्,3,verb,no exact MW headword
प्रसाधय्,3,part,no exact MW headword
प्रसारय्,3,verb,no exact MW headword
प्रस्खल्,3,part,no exact MW headword
प्रहन्,3,verb,no exact MW headword
प्रहर्तु,3,noun,no exact MW headword
प्रादुष्कृ,3,part,no exact MW headword
प्राप्तु,3,noun,no exact MW headword
प्रायत्निक,3,noun,no exact MW headword
प्रीणय्,3,part,no exact MW headword
प्रोझ्,3,indecl,no exact MW headword
प्लावय्,3,part,no exact MW headword
बिसी,3,noun,no exact MW headword
बृंहय्,3,part,no exact MW headword
बृंहित,3,noun,no exact MW headword
ब्रह्मक,3,noun,no exact MW headword
भवीत्व,3,noun,no exact MW headword
भस्मीकृ,3,part,no exact MW headword
भस्मीभू,3,part,no exact MW headword
भीमतर,3,noun,no exact MW headword
भूमिपति,3,noun,no exact MW headword
भूमिभृत्,3,noun,no exact MW headword
भृकुटी,3,noun,no exact MW headword
भेदय्,3,indecl,no exact MW headword
भैक्षाक,3,noun,no exact MW headword
भोजय्,3,part,no exact MW headword
मकुट,3,noun,no exact MW headword
मनोहारिन्,3,noun,no exact MW headword
मर्षय्,3,part,no exact MW headword
महय्,3,verb,no exact MW headword
महापुरुष,3,noun,no exact MW headword
मापय्,3,verb,no exact MW headword
मारय्,3,part,no exact MW headword
मालेयक,3,noun,no exact MW headword
माषिक,3,noun,no exact MW headword
माहानसिक,3,noun,no exact MW headword
मुखरय्,3,part,no exact MW headword
मुस्ता,3,noun,no exact MW headword
मृगयु,3,noun,no exact MW headword
म्ला,3,part,no exact MW headword
यज्ञभावित,3,noun,no exact MW headword
यविष्ठ्य,3,noun,no exact MW headword
याजय्,3,verb,no exact MW headword
योक्तु,3,noun,no exact MW headword
रमय्,3,verb,no exact MW headword
रूपधातु,3,noun,no exact MW headword
रूपाजीवा,3,noun,no exact MW headword
रूपावचर,3,noun,no exact MW headword
रोरो,3,part,no exact MW headword
लम्भय्,3,part,no exact MW headword
लम्भय्,3,verb,no exact MW headword
लालय्,3,part,no exact MW headword
लालाय्,3,verb,no exact MW headword
लिप्स्,3,part,no exact MW headword
लोकत्रय,3,noun,no exact MW headword
लोभय्,3,indecl,no exact MW headword
लोलय्,3,part,no exact MW headword
वक्तव्यता,3,noun,no exact MW headword
वञ्चय्,3,verb,no exact MW headword
वड,3,noun,no exact MW headword
वधूका,3,noun,no exact MW headword
वाचय्,3,indecl,no exact MW headword
वातव्याधि,3,noun,no exact MW headword
वायुसुत,3,noun,no exact MW headword
वासय्,3,part,no exact MW headword
विकर्णि,3,noun,no exact MW headword
विगर्ह्,3,verb,no exact MW headword
विघातय्,3,verb,no exact MW headword
विघूर्ण्,3,part,no exact MW headword
विजुगुप्स्,3,verb,no exact MW headword
विडम्बय्,3,part,no exact MW headword
वितर्कय्,3,verb,no exact MW headword
वितानीकृ,3,part,no exact MW headword
वितृ,3,part,no exact MW headword
वितृप्,3,verb,no exact MW headword
वित्तप,3,noun,no exact MW headword
विदर्शय्,3,part,no exact MW headword
विदृ,3,verb,no exact MW headword
विद्रावय्,3,part,no exact MW headword
विनिकृ,3,part,no exact MW headword
विनियोजय्,3,verb,no exact MW headword
विपश्यना,3,noun,no exact MW headword
विपुष्प,3,noun,no exact MW headword
विप्रद्रु,3,part,no exact MW headword
विप्रेक्ष्,3,part,no exact MW headword
विबोधय्,3,part,no exact MW headword
विबोधय्,3,verb,no exact MW headword
विमलक,3,noun,no exact MW headword
विमोक्षय्,3,part,no exact MW headword
विमोचय्,3,indecl,no exact MW headword
विमोहय्,3,part,no exact MW headword
वियोजय्,3,verb,no exact MW headword
विरोधय्,3,verb,no exact MW headword
विलग्,3,part,no exact MW headword
विलङ्घय्,3,part,no exact MW headword
विलोभय्,3,part,no exact MW headword
विषादिन्,3,noun,no exact MW headword
विष्टम्भय्,3,part,no exact MW headword
विस्तरशः,3,,no exact MW headword
विस्तारय्,3,verb,no exact MW headword
विस्फारय्,3,indecl,no exact MW headword
विस्रम्भ,3,noun,no exact MW headword
वेध्,3,verb,no exact MW headword
वैकृन्तक,3,noun,no exact MW headword
वैदर्भक,3,noun,no exact MW headword
वैवर्तिक,3,noun,no exact MW headword
व्यथय्,3,part,no exact MW headword
व्यपत्रप्,3,verb,no exact MW headword
व्याकुलीकृ,3,part,no exact MW headword
शा,3,part,no exact MW headword
शार्ङ्गधन्वन्,3,noun,no exact MW headword
शिप्रिन्,3,noun,no exact MW headword
शीलय्,3,verb,no exact MW headword
शुभकृत्स्न,3,noun,no exact MW headword
शोचय्,3,part,no exact MW headword
शोणिमन्,3,noun,no exact MW headword
षष्टि,3,noun,no exact MW headword
संचिन्तय्,3,part,no exact MW headword
संतर्पय्,3,verb,no exact MW headword
संतृ,3,part,no exact MW headword
संत्वरय्,3,verb,no exact MW headword
संपुटक,3,noun,no exact MW headword
संप्रकाशय्,3,part,no exact MW headword
संप्रगर्ज्,3,verb,no exact MW headword
संप्रचल्,3,verb,no exact MW headword
संप्रवादय्,3,part,no exact MW headword
संप्रवेध्,3,verb,no exact MW headword
संप्रेषय्,3,part,no exact MW headword
संवर्तय्,3,verb,no exact MW headword
संवर्धय्,3,indecl,no exact MW headword
संवाहय्,3,part,no exact MW headword
संवाहिका,3,noun,no exact MW headword
संस्वप्,3,part,no exact MW headword
सज्जीभू,3,verb,no exact MW headword
समनुज्ञापय्,3,indecl,no exact MW headword
समभिसृ,3,indecl,no exact MW headword
समलंकृ,3,indecl,no exact MW headword
समवाप्,3,verb,no exact MW headword
समाज्ञपय्,3,part,no exact MW headword
समादापय्,3,verb,no exact MW headword
समारोपय्,3,part,no exact MW headword
समावेशय्,3,indecl,no exact MW headword
समुत्तेजय्,3,verb,no exact MW headword
समुत्पद्,3,verb,no exact MW headword
समुत्पादय्,3,indecl,no exact MW headword
समुदानी,3,part,no exact MW headword
सम्बोधय्,3,part,no exact MW headword
सर्वर्तुक,3,noun,no exact MW headword
सिंहिकासुत,3,noun,no exact MW headword
सिसृक्ष्,3,part,no exact MW headword
सीव्,3,part,no exact MW headword
सुदन्त्,3,noun,no exact MW headword
सुपिन,3,noun,no exact MW headword
सुपूजय्,3,part,no exact MW headword
सुप्रसद्,3,verb,no exact MW headword
सुरराज,3,noun,no exact MW headword
सेचय्,3,verb,no exact MW headword
स्कन्दय्,3,part,no exact MW headword
स्तनय्,3,part,no exact MW headword
स्तम्भय्,3,part,no exact MW headword
स्पर्शय्,3,verb,no exact MW headword
स्वादय्,3,part,no exact MW headword
स्वामिक,3,noun,no exact MW headword
हत्या,3,noun,no exact MW headword
हरिमन्,3,noun,no exact MW headword
हरीतक,3,noun,no exact MW headword
हापय्,3,verb,no exact MW headword
हास्यता,3,noun,no exact MW headword
अकण्टकिन्,2,noun,no exact MW headword
अकर्णिक,2,noun,no exact MW headword
अकर्तव्य,2,noun,no exact MW headword
अकान्ति,2,noun,no exact MW headword
अकिल्बिष,2,noun,no exact MW headword
अकुसुम,2,noun,no exact MW headword
अकृषत्,2,noun,no exact MW headword
अकोश,2,noun,no exact MW headword
अगणित,2,noun,no exact MW headword
अगतसु,2,stem,no exact MW headword
अग्निका,2,noun,no exact MW headword
अग्न्याधेय,2,noun,no exact MW headword
अग्रग,2,noun,no exact MW headword
अङ्कोल,2,noun,no exact MW headword
अङ्गदीया,2,noun,no exact MW headword
अच्छा,2,indecl,no exact MW headword
अजात्य,2,noun,no exact MW headword
अजामुखी,2,noun,no exact MW headword
अजिनिन्,2,noun,no exact MW headword
अजुर्य,2,noun,no exact MW headword
अतिगा,2,verb,no exact MW headword
अतिपातय्,2,part,no exact MW headword
अतिपीडय्,2,part,no exact MW headword
अतिप्रवृध्,2,part,no exact MW headword
अतुष्यत्,2,noun,no exact MW headword
अत्म,2,stem,no exact MW headword
अत्यह्,2,verb,no exact MW headword
अत्यागिन्,2,noun,no exact MW headword
अत्युच्च,2,noun,no exact MW headword
अत्युद्गम्,2,indecl,no exact MW headword
अदूषक,2,noun,no exact MW headword
अदूष्य,2,noun,no exact MW headword
अधिकरणी,2,noun,no exact MW headword
अधिमुच्,2,verb,no exact MW headword
अधिरोपय्,2,part,no exact MW headword
अधिविक्षिप्,2,verb,no exact MW headword
अनभिष्वङ्ग,2,noun,no exact MW headword
अनर्थिक,2,noun,no exact MW headword
अनर्वन्,2,noun,no exact MW headword
अनवेक्षण,2,noun,no exact MW headword
अनसूयत्,2,noun,no exact MW headword
अनस्थि,2,noun,no exact MW headword
अनायति,2,noun,no exact MW headword
अनायुक्त,2,noun,no exact MW headword
अनायुस्,2,noun,no exact MW headword
अनिःश्राविन्,2,noun,no exact MW headword
अनिमेष,2,noun,no exact MW headword
अनिर्वदत्,2,noun,no exact MW headword
अनिलसुत,2,noun,no exact MW headword
अनिश्चय,2,noun,no exact MW headword
अनीर्षुक,2,noun,no exact MW headword
अनुकम्पय्,2,verb,no exact MW headword
अनुचिन्तयन्,2,,no exact MW headword
अनुदर्शय्,2,part,no exact MW headword
अनुदर्शय्,2,verb,no exact MW headword
अनुध्या,2,indecl,no exact MW headword
अनुमोदय्,2,part,no exact MW headword
अनुवर्णन,2,noun,no exact MW headword
अनुवर्णय्,2,verb,no exact MW headword
अनुवर्तय्,2,part,no exact MW headword
अनुविचिन्तय्,2,indecl,no exact MW headword
अनुविलोकय्,2,verb,no exact MW headword
अनुवेष्टय्,2,part,no exact MW headword
अनुश्रावय्,2,part,no exact MW headword
अनुसेवा,2,noun,no exact MW headword
अनृक्षर,2,noun,no exact MW headword
अन्तरतः,2,indecl,no exact MW headword
अन्याय्य,2,noun,no exact MW headword
अन्वाश्रि,2,part,no exact MW headword
अपकर्तु,2,noun,no exact MW headword
अपत्रपा,2,noun,no exact MW headword
अपलक,2,stem,no exact MW headword
अपहस्तक,2,noun,no exact MW headword
अपाक्रम्,2,part,no exact MW headword
अपार्थक,2,noun,no exact MW headword
अपुत्रक,2,noun,no exact MW headword
अप्रतिबध्नत्,2,noun,no exact MW headword
अप्रत्यादेय,2,noun,no exact MW headword
अप्रबुद्ध,2,noun,no exact MW headword
अप्रयच्छत्,2,noun,no exact MW headword
अप्रवेश,2,noun,no exact MW headword
अप्रस्तव,2,noun,no exact MW headword
अप्राणिन्,2,noun,no exact MW headword
अभिकामय्,2,verb,no exact MW headword
अभिख्यापय्,2,indecl,no exact MW headword
अभितर्पय्,2,part,no exact MW headword
अभिद्रोह,2,noun,no exact MW headword
अभिनिमन्त्रय्,2,indecl,no exact MW headword
अभिनिर्भिद्,2,indecl,no exact MW headword
अभिपालय्,2,verb,no exact MW headword
अभिपृ,2,part,no exact MW headword
अभिभर्त्सन,2,noun,no exact MW headword
अभिरक्षा,2,noun,no exact MW headword
अभिरञ्जय्,2,part,no exact MW headword
अभिलक्षय्,2,part,no exact MW headword
अभिलाषिन्,2,noun,no exact MW headword
अभिषूदय्,2,verb,no exact MW headword
अभिसंप्लव,2,noun,no exact MW headword
अभिहन्तु,2,noun,no exact MW headword
अभिहर्षय्,2,part,no exact MW headword
अभीप्सा,2,noun,no exact MW headword
अभोजयत्,2,noun,no exact MW headword
अभ्यर्चय्,2,indecl,no exact MW headword
अभ्यवकृ,2,indecl,no exact MW headword
अभ्यवपात,2,noun,no exact MW headword
अभ्युद्गम्,2,indecl,no exact MW headword
अभ्युपागम्,2,indecl,no exact MW headword
अमण्डित,2,noun,no exact MW headword
अमृताय्,2,verb,no exact MW headword
अम्बुमुच्,2,noun,no exact MW headword
अरक्षण,2,noun,no exact MW headword
अरक्ष्यमाण,2,noun,no exact MW headword
अरेपस्,2,noun,no exact MW headword
अर्थसञ्चय,2,noun,no exact MW headword
अर्हय्,2,verb,no exact MW headword
अलकवत्,2,noun,no exact MW headword
अलम्बुसा,2,noun,no exact MW headword
अवक्षु,2,part,no exact MW headword
अवदृ,2,verb,no exact MW headword
अवधारय्,2,verb,no exact MW headword
अवधूनय्,2,verb,no exact MW headword
अवध्वंसन,2,noun,no exact MW headword
अवनिधा,2,verb,no exact MW headword
अवपातय्,2,part,no exact MW headword
अवपीडितक,2,noun,no exact MW headword
अवमर्दिन्,2,noun,no exact MW headword
अवमानय्,2,verb,no exact MW headword
अवरोपय्,2,indecl,no exact MW headword
अवर्ग,2,noun,no exact MW headword
अवशेषय्,2,part,no exact MW headword
अवस्तृ,2,part,no exact MW headword
अवस्रावय्,2,verb,no exact MW headword
अवाप्तु,2,noun,no exact MW headword
अवार्यमाण,2,noun,no exact MW headword
अविन्दत्,2,noun,no exact MW headword
अविशिष्ट,2,noun,no exact MW headword
अव्याकुल,2,noun,no exact MW headword
अशक्तिमत्,2,noun,no exact MW headword
अशेषतस्,2,indecl,no exact MW headword
अशैवला,2,noun,no exact MW headword
अष्टादशक,2,noun,no exact MW headword
असंत्रस्त,2,noun,no exact MW headword
असंपन्न,2,noun,no exact MW headword
असत्कृ,2,part,no exact MW headword
असूय्,2,verb,no exact MW headword
असेचनीय,2,noun,no exact MW headword
अस्चर्य,2,stem,no exact MW headword
अहस्त,2,noun,no exact MW headword
अहृष्ट,2,noun,no exact MW headword
आकर्णय्,2,part,no exact MW headword
आकुञ्चय्,2,part,no exact MW headword
आकुलय्,2,part,no exact MW headword
आक्षारय्,2,part,no exact MW headword
आगमय्,2,indecl,no exact MW headword
आच्छादय्,2,part,no exact MW headword
आजाति,2,noun,no exact MW headword
आजीवक,2,noun,no exact MW headword
आज्ञापय्,2,indecl,no exact MW headword
आतिथेयी,2,noun,no exact MW headword
आत्मयोनि,2,noun,no exact MW headword
आदिह्,2,part,no exact MW headword
आदीपय्,2,part,no exact MW headword
आधर्षय्,2,part,no exact MW headword
आधूर्तरजस,2,noun,no exact MW headword
आनायय्,2,part,no exact MW headword
आपूजय्,2,indecl,no exact MW headword
आपूरय्,2,part,no exact MW headword
आपूरय्,2,verb,no exact MW headword
आप्यायय्,2,part,no exact MW headword
आप्￞,2,verb,no exact MW headword
आबाधिक,2,noun,no exact MW headword
आराधय्,2,indecl,no exact MW headword
आलक्षय्,2,verb,no exact MW headword
आलिप्,2,verb,no exact MW headword
आलोडय्,2,indecl,no exact MW headword
आवर्जय्,2,verb,no exact MW headword
आवर्तय्,2,part,no exact MW headword
आवारय्,2,part,no exact MW headword
आविकी,2,noun,no exact MW headword
आवेशनिन्,2,noun,no exact MW headword
आशीर्वाद,2,noun,no exact MW headword
आशौच,2,noun,no exact MW headword
आश्वासयामास,2,,no exact MW headword
आस्फोटय्,2,part,no exact MW headword
आहारय्,2,part,no exact MW headword
इन्दुमौलि,2,noun,no exact MW headword
इन्द्रापर्वत,2,noun,no exact MW headword
इषय्,2,part,no exact MW headword
इषय्,2,verb,no exact MW headword
उच्चारय्,2,indecl,no exact MW headword
उज्ज्वालय्,2,part,no exact MW headword
उत्तमर्ण,2,noun,no exact MW headword
उत्थापय्,2,part,no exact MW headword
उत्पाटय्,2,verb,no exact MW headword
उत्फुल्लक,2,noun,no exact MW headword
उत्सार,2,noun,no exact MW headword
उत्सारय्,2,indecl,no exact MW headword
उत्साहय्,2,indecl,no exact MW headword
उत्साहय्,2,verb,no exact MW headword
उत्सृष्टक,2,noun,no exact MW headword
उदयाद्रि,2,noun,no exact MW headword
उदानी,2,verb,no exact MW headword
उदायिन्,2,noun,no exact MW headword
उदारतम,2,noun,no exact MW headword
उद्बन्ध्,2,indecl,no exact MW headword
उद्बृंह्,2,verb,no exact MW headword
उद्भावय्,2,verb,no exact MW headword
उद्योजय्,2,part,no exact MW headword
उन्नमय्,2,indecl,no exact MW headword
उपक्री,2,indecl,no exact MW headword
उपच्छेद,2,noun,no exact MW headword
उपधारय्,2,indecl,no exact MW headword
उपनायय्,2,verb,no exact MW headword
उपपीडय्,2,indecl,no exact MW headword
उपपीडय्,2,verb,no exact MW headword
उपबृंहय्,2,verb,no exact MW headword
उपयोजय्,2,verb,no exact MW headword
उपरचय्,2,part,no exact MW headword
उपरञ्ज्,2,part,no exact MW headword
उपरिष्ट,2,noun,no exact MW headword
उपवर्णय्,2,part,no exact MW headword
उपवेशय्,2,verb,no exact MW headword
उपसंग्रह्,2,part,no exact MW headword
उपसर्पय्,2,verb,no exact MW headword
उपसृप्तक,2,noun,no exact MW headword
उपहारय्,2,verb,no exact MW headword
उपामन्त्रय्,2,indecl,no exact MW headword
उपायास,2,noun,no exact MW headword
उषासानक्ता,2,noun,no exact MW headword
एकोनविंश,2,noun,no exact MW headword
एवंप्रकार,2,noun,no exact MW headword
ऐर्यापथ,2,noun,no exact MW headword
औपपादिक,2,noun,no exact MW headword
कण्डूय्,2,verb,no exact MW headword
कदर्थय्,2,verb,no exact MW headword
करिकृ,2,part,no exact MW headword
कर्मपल,2,stem,no exact MW headword
कलहय्,2,part,no exact MW headword
काकणिक,2,noun,no exact MW headword
कान्तनावक,2,noun,no exact MW headword
कारण्डव,2,noun,no exact MW headword
कार्दमेय,2,noun,no exact MW headword
कालकार्मुक,2,noun,no exact MW headword
किंच,2,indecl,no exact MW headword
किटिका,2,noun,no exact MW headword
कुतश्चिद्,2,indecl,no exact MW headword
कुधी,2,noun,no exact MW headword
कुरवक,2,noun,no exact MW headword
कृच्छ्रतर,2,noun,no exact MW headword
कोयष्टिभक,2,noun,no exact MW headword
क्रयिम,2,noun,no exact MW headword
क्रोधय्,2,part,no exact MW headword
क्वचन,2,indecl,no exact MW headword
क्ﾱप्,2,part,no exact MW headword
क्ﾱप्,2,verb,no exact MW headword
खण्डाभ्रक,2,noun,no exact MW headword
खादय्,2,verb,no exact MW headword
खानय्,2,part,no exact MW headword
गतसन्देह,2,noun,no exact MW headword
गर्भपरिस्रव,2,noun,no exact MW headword
गर्भिणी,2,noun,no exact MW headword
गाधिज,2,noun,no exact MW headword
गाधिनन्दन,2,noun,no exact MW headword
गुञ्ज्,2,part,no exact MW headword
गुणसङ्ख्यान,2,noun,no exact MW headword
गुण्ठय्,2,part,no exact MW headword
गुरुकृ,2,verb,no exact MW headword
गूढक,2,noun,no exact MW headword
गृध्रराज्,2,noun,no exact MW headword
ग्रामेरुक,2,noun,no exact MW headword
ग्राहय्,2,part,no exact MW headword
ग्ला,2,verb,no exact MW headword
घट्टितक,2,noun,no exact MW headword
घातय्,2,indecl,no exact MW headword
चक्रवर्ति,2,noun,no exact MW headword
चक्राह्व,2,noun,no exact MW headword
चदि,2,stem,no exact MW headword
चर्कर्,2,part,no exact MW headword
चर्कर्,2,verb,no exact MW headword
चर्कृष्,2,verb,no exact MW headword
चव्य,2,noun,no exact MW headword
चातुर्द्वीपक,2,noun,no exact MW headword
चारीक,2,noun,no exact MW headword
चिचीष्,2,part,no exact MW headword
चितय्,2,verb,no exact MW headword
चित्तजन्मन्,2,noun,no exact MW headword
चिराय्,2,verb,no exact MW headword
चिरिबिल्व,2,noun,no exact MW headword
चिह्नय्,2,part,no exact MW headword
चीनसी,2,noun,no exact MW headword
चुम्बितक,2,noun,no exact MW headword
चूर्णय्,2,indecl,no exact MW headword
चेत्,2,stem,no exact MW headword
चेदि,2,noun,no exact MW headword
चेष्टय्,2,verb,no exact MW headword
च्यावय्,2,part,no exact MW headword
छदय्,2,verb,no exact MW headword
छलय्,2,part,no exact MW headword
जनय्,2,indecl,no exact MW headword
जनित्री,2,noun,no exact MW headword
जनेश्वर,2,noun,no exact MW headword
जम्बूद्वीप,2,noun,no exact MW headword
जल्पक,2,noun,no exact MW headword
जवित,2,noun,no exact MW headword
जह्नुकन्या,2,noun,no exact MW headword
जाघनी,2,noun,no exact MW headword
जातिक,2,noun,no exact MW headword
जालाय्,2,verb,no exact MW headword
जिगीष्,2,verb,no exact MW headword
जिघृक्षय्,2,verb,no exact MW headword
जिजीविष्,2,verb,no exact MW headword
जिज्ञासितु,2,noun,no exact MW headword
जिनौरस,2,noun,no exact MW headword
जिहीर्ष्,2,verb,no exact MW headword
ज्ञान-सञ्छिन्न-संशय,2,noun,no exact MW headword
तनुतर,2,noun,no exact MW headword
तन्द्,2,verb,no exact MW headword
तपस्य्,2,verb,no exact MW headword
तब्ध,2,noun,no exact MW headword
तरलतर,2,noun,no exact MW headword
तर्षय्,2,part,no exact MW headword
तव्यस्,2,noun,no exact MW headword
तापय्,2,verb,no exact MW headword
तामर,2,noun,no exact MW headword
तायु,2,noun,no exact MW headword
तिटिलम्भ,2,noun,no exact MW headword
तितिक्ष्,2,verb,no exact MW headword
तिरय्,2,part,no exact MW headword
तोयनिधि,2,noun,no exact MW headword
तोलय्,2,indecl,no exact MW headword
त्याजय्,2,verb,no exact MW headword
त्रयोविंशति,2,noun,no exact MW headword
त्रासय्,2,indecl,no exact MW headword
त्रिमूर्धन्,2,noun,no exact MW headword
त्रैविष्टप,2,noun,no exact MW headword
त्वायत्,2,noun,no exact MW headword
दयिततम,2,noun,no exact MW headword
दरीवत्,2,noun,no exact MW headword
दर्पय्,2,verb,no exact MW headword
दवाग्नि,2,noun,no exact MW headword
दशस्य्,2,part,no exact MW headword
दशस्य्,2,verb,no exact MW headword
दायाद्य,2,noun,no exact MW headword
दिग्गज,2,noun,no exact MW headword
दिनकृत्,2,noun,no exact MW headword
दिवातर,2,noun,no exact MW headword
दिशापाल,2,noun,no exact MW headword
दीदी,2,part,no exact MW headword
दीपय्,2,verb,no exact MW headword
दीर्घकर्ण,2,noun,no exact MW headword
दीर्घसूत्र,2,noun,no exact MW headword
दुध्र,2,noun,no exact MW headword
दुरनुबोध,2,noun,no exact MW headword
दुरन्वेष,2,noun,no exact MW headword
दुराराध्य,2,noun,no exact MW headword
दुरुत्तर,2,noun,no exact MW headword
दुर्धर्षतर,2,noun,no exact MW headword
दुर्निरीक्ष्य,2,noun,no exact MW headword
दुर्निवार,2,noun,no exact MW headword
दुर्भेद्य,2,noun,no exact MW headword
दुर्विद्ध,2,noun,no exact MW headword
दुहिता,2,noun,no exact MW headword
दृह्,2,part,no exact MW headword
देवद्र्यञ्च्,2,noun,no exact MW headword
देहत्याग,2,noun,no exact MW headword
दैवत्य,2,noun,no exact MW headword
दैवसिक,2,noun,no exact MW headword
दोलाय्,2,part,no exact MW headword
दौहित्री,2,noun,no exact MW headword
द्यावापृथिवी,2,noun,no exact MW headword
द्राघीयस्,2,noun,no exact MW headword
द्रौपदेय,2,noun,no exact MW headword
धर्मस्थ,2,noun,no exact MW headword
धापय्,2,verb,no exact MW headword
ध्रज्,2,part,no exact MW headword
ध्वसय्,2,part,no exact MW headword
नक्तमालक,2,noun,no exact MW headword
नत्यूह,2,noun,no exact MW headword
नदीनद,2,noun,no exact MW headword
नन्दय्,2,verb,no exact MW headword
नमस्_कृ3,2,part,no exact MW headword
नर्,2,stem,no exact MW headword
नर्तय्,2,part,no exact MW headword
नर्तय्,2,verb,no exact MW headword
नर्मय्,2,verb,no exact MW headword
नश्1_णिच्,2,part,no exact MW headword
नहि,2,indecl,no exact MW headword
नारिकेल,2,noun,no exact MW headword
निःक्लेश,2,noun,no exact MW headword
निकुञ्च्,2,indecl,no exact MW headword
निक्षेपय्,2,part,no exact MW headword
निधापय्,2,verb,no exact MW headword
निध्या,2,indecl,no exact MW headword
निनद्,2,part,no exact MW headword
निनीष्,2,verb,no exact MW headword
निरायम्,2,part,no exact MW headword
निराशी,2,noun,no exact MW headword
निरुदक,2,noun,no exact MW headword
निर्दयतर,2,noun,no exact MW headword
निर्दशन,2,noun,no exact MW headword
निर्धाव्,2,part,no exact MW headword
निर्बन्ध्,2,verb,no exact MW headword
निर्मनुष्य,2,noun,no exact MW headword
निर्मृग,2,noun,no exact MW headword
निर्वर्तय्,2,indecl,no exact MW headword
निर्वापय्,2,part,no exact MW headword
निर्व्यध्,2,part,no exact MW headword
निश्चि,2,indecl,no exact MW headword
निष्कूज्,2,part,no exact MW headword
निष्पादय्,2,verb,no exact MW headword
निसृष्टि,2,noun,no exact MW headword
निस्तारय्,2,indecl,no exact MW headword
नीप्र,2,noun,no exact MW headword
नू,2,part,no exact MW headword
नेतु,2,noun,no exact MW headword
नोदय्,2,part,no exact MW headword
पट्टस,2,noun,no exact MW headword
परमपुरुष,2,noun,no exact MW headword
परिकल्प,2,noun,no exact MW headword
परिकुट्टन,2,noun,no exact MW headword
परिचिन्तय्,2,verb,no exact MW headword
परिच्यु,2,part,no exact MW headword
परिजिहीर्ष्,2,verb,no exact MW headword
परिज्ञा,2,noun,no exact MW headword
परिणामना,2,noun,no exact MW headword
परितोषय्,2,indecl,no exact MW headword
परित्रा,2,indecl,no exact MW headword
परिदेव,2,noun,no exact MW headword
परिनिर्वा,2,part,no exact MW headword
परिपाचय्,2,indecl,no exact MW headword
परिपाचय्,2,part,no exact MW headword
परिपीडय्,2,indecl,no exact MW headword
परिपूरि,2,noun,no exact MW headword
परिबृंहय्,2,part,no exact MW headword
परिमण्डय्,2,part,no exact MW headword
परिमार्ग्,2,part,no exact MW headword
परिमितार्था,2,noun,no exact MW headword
परिमृष्टक,2,noun,no exact MW headword
परिमोक्ष्,2,verb,no exact MW headword
परिवेषय्,2,verb,no exact MW headword
परिवेष्टय्,2,verb,no exact MW headword
परिसान्त्वय्,2,indecl,no exact MW headword
परिहस्,2,indecl,no exact MW headword
परिहापण,2,noun,no exact MW headword
परीक्षय्,2,verb,no exact MW headword
पवनसुत,2,noun,no exact MW headword
पादवत्,2,noun,no exact MW headword
पादशस्,2,indecl,no exact MW headword
पापकृत्तम,2,noun,no exact MW headword
पारत्र्य,2,noun,no exact MW headword
पारिकर्मिक,2,noun,no exact MW headword
पारिहीणिक,2,noun,no exact MW headword
पाशुपाल्य,2,noun,no exact MW headword
पिङ्क,2,noun,no exact MW headword
पिण्डय्,2,part,no exact MW headword
पीडय्,2,indecl,no exact MW headword
पुष्पायुध,2,noun,no exact MW headword
पूज्यतम,2,noun,no exact MW headword
पृतन्य्,2,part,no exact MW headword
पेषय्,2,indecl,no exact MW headword
पोथय्,2,verb,no exact MW headword
पोप्लूय्,2,part,no exact MW headword
पौर्वदेहिक,2,noun,no exact MW headword
प्या,2,part,no exact MW headword
प्र_अर्थ1,2,part,no exact MW headword
प्रकम्पय्,2,verb,no exact MW headword
प्रकल्पय्,2,indecl,no exact MW headword
प्रकल्पय्,2,part,no exact MW headword
प्रकोपय्,2,indecl,no exact MW headword
प्रकोपय्,2,part,no exact MW headword
प्रक्रय,2,noun,no exact MW headword
प्रक्रुध्,2,verb,no exact MW headword
प्रज्ञापय्,2,indecl,no exact MW headword
प्रज्ञापय्,2,verb,no exact MW headword
प्रणाशय्,2,verb,no exact MW headword
प्रतापय्,2,verb,no exact MW headword
प्रतारय्,2,part,no exact MW headword
प्रतिकर्तु,2,noun,no exact MW headword
प्रतिकाङ्क्ष्,2,verb,no exact MW headword
प्रतिक्रुश्,2,part,no exact MW headword
प्रतिच्छादय्,2,indecl,no exact MW headword
प्रतिद्वंद्विन्,2,noun,no exact MW headword
प्रतिपालय्,2,part,no exact MW headword
प्रतियोजय्,2,verb,no exact MW headword
प्रतिलेख,2,noun,no exact MW headword
प्रतिवारय्,2,part,no exact MW headword
प्रतिविशिष्,2,part,no exact MW headword
प्रतिव्यूह्,2,indecl,no exact MW headword
प्रतिसंमोदय्,2,verb,no exact MW headword
प्रतिसंरभ्,2,part,no exact MW headword
प्रतिसंस्कार,2,noun,no exact MW headword
प्रत्यर्चय्,2,indecl,no exact MW headword
प्रत्यर्थिक,2,noun,no exact MW headword
प्रत्याश्वस्,2,indecl,no exact MW headword
प्रत्याश्वस्,2,verb,no exact MW headword
प्रत्युद्या,2,verb,no exact MW headword
प्रत्युरस,2,noun,no exact MW headword
प्रत्येकशः,2,indecl,no exact MW headword
प्रदायिन्,2,noun,no exact MW headword
प्रदीपय्,2,part,no exact MW headword
प्रध्या,2,part,no exact MW headword
प्रपूजय्,2,indecl,no exact MW headword
प्रमाणीकृ,2,part,no exact MW headword
प्रमापय्,2,verb,no exact MW headword
प्रमृद्,2,verb,no exact MW headword
प्रवालक,2,noun,no exact MW headword
प्रविगाह्,2,indecl,no exact MW headword
प्रविगाह्,2,part,no exact MW headword
प्रव्यथित-अन्तर्-आत्मन्,2,noun,no exact MW headword
प्रसृतक,2,noun,no exact MW headword
प्रहन्,2,part,no exact MW headword
प्रहु,2,part,no exact MW headword
प्रादुष्कृ,2,verb,no exact MW headword
प्राधी,2,part,no exact MW headword
प्रामित्यक,2,noun,no exact MW headword
प्रायश्चित्तीय्,2,verb,no exact MW headword
प्रार्थयान,2,noun,no exact MW headword
प्रालेयाद्रि,2,noun,no exact MW headword
प्राशू,2,noun,no exact MW headword
प्रीणय्,2,verb,no exact MW headword
प्रेतकार्य,2,noun,no exact MW headword
प्रेतहार,2,noun,no exact MW headword
प्रेष्या,2,noun,no exact MW headword
प्रोझ्,2,part,no exact MW headword
प्लावय्,2,verb,no exact MW headword
बद्बध्,2,verb,no exact MW headword
बन्धय्,2,verb,no exact MW headword
बर्हय्,2,verb,no exact MW headword
बल्लवी,2,noun,no exact MW headword
बहिष्कृ,2,indecl,no exact MW headword
बादरायणि,2,noun,no exact MW headword
बाहिरिक,2,noun,no exact MW headword
बुद्धालंकारव्यूह,2,noun,no exact MW headword
बोधय्,2,indecl,no exact MW headword
बोधय्,2,part,no exact MW headword
भद्रमदा,2,noun,no exact MW headword
भर्त्स्,2,part,no exact MW headword
भस्मीकृ,2,verb,no exact MW headword
भानुमन्त्,2,noun,no exact MW headword
भामिन्,2,noun,no exact MW headword
भावता,2,noun,no exact MW headword
भावय्,2,verb,no exact MW headword
भासय्,2,part,no exact MW headword
भास्1_णिच्,2,part,no exact MW headword
भीषय्,2,verb,no exact MW headword
भुवनत्रय,2,noun,no exact MW headword
भूषय्,2,verb,no exact MW headword
भृशम्,2,indecl,no exact MW headword
भ्रुकुटिका,2,noun,no exact MW headword
मदय्,2,verb,no exact MW headword
मर्चय्,2,verb,no exact MW headword
मर्मृज्,2,verb,no exact MW headword
महय्,2,part,no exact MW headword
महर्द्धिक,2,noun,no exact MW headword
महाब्रह्मन्,2,noun,no exact MW headword
महामालिन्,2,noun,no exact MW headword
महाव्याहृति,2,noun,no exact MW headword
महाश्रम,2,noun,no exact MW headword
महीय्,2,part,no exact MW headword
माण्डकर्णि,2,noun,no exact MW headword
मातृतस्,2,indecl,no exact MW headword
मादय्,2,part,no exact MW headword
मानय्,2,indecl,no exact MW headword
मानवेन्द्र,2,noun,no exact MW headword
मानुषक,2,noun,no exact MW headword
मायक,2,noun,no exact MW headword
मार्गय्,2,part,no exact MW headword
मीलय्,2,part,no exact MW headword
मुखानिल,2,noun,no exact MW headword
मुख्यतम,2,noun,no exact MW headword
मृणाली,2,noun,no exact MW headword
मोक्षय्,2,indecl,no exact MW headword
मोहय्,2,indecl,no exact MW headword
मौञ्जिबन्धन,2,noun,no exact MW headword
म्ला,2,verb,no exact MW headword
यथाभागम्,2,indecl,no exact MW headword
यथाभिरामम्,2,indecl,no exact MW headword
यथायोगम्,2,indecl,no exact MW headword
यथारुचि,2,indecl,no exact MW headword
यथावर्णम्,2,indecl,no exact MW headword
यव्या,2,noun,no exact MW headword
यातय्,2,verb,no exact MW headword
यानिक,2,noun,no exact MW headword
युवराजन्,2,noun,no exact MW headword
योधय्,2,indecl,no exact MW headword
योधय्,2,part,no exact MW headword
रज्जुक,2,noun,no exact MW headword
रज्जुका,2,noun,no exact MW headword
रञ्जय्,2,indecl,no exact MW headword
रन्धय्,2,part,no exact MW headword
रप्,2,verb,no exact MW headword
रश्मिमन्त्,2,noun,no exact MW headword
रसय्,2,indecl,no exact MW headword
रहय्,2,verb,no exact MW headword
राजभृत,2,noun,no exact MW headword
रिक्थजात,2,noun,no exact MW headword
रिरक्ष्,2,part,no exact MW headword
रूपय्,2,part,no exact MW headword
रूपय्,2,verb,no exact MW headword
रेचय्,2,part,no exact MW headword
रोचय्,2,part,no exact MW headword
रोपय्,2,part,no exact MW headword
रोपय्,2,verb,no exact MW headword
लक्षणिक,2,noun,no exact MW headword
लक्षय्,2,indecl,no exact MW headword
लङ्केश,2,noun,no exact MW headword
लवणार्णव,2,noun,no exact MW headword
लालयितृ,2,noun,no exact MW headword
लुम्बिनीवन,2,noun,no exact MW headword
लेखय्,2,verb,no exact MW headword
लेपय्,2,verb,no exact MW headword
लोभय्,2,verb,no exact MW headword
वचनीयता,2,noun,no exact MW headword
वचस्यु,2,noun,no exact MW headword
वरिवस्य्,2,verb,no exact MW headword
वर्मित,2,noun,no exact MW headword
वर्वृत्,2,verb,no exact MW headword
वशीकृ,2,indecl,no exact MW headword
वशीकृ,2,part,no exact MW headword
वागुली,2,noun,no exact MW headword
वाचय्,2,part,no exact MW headword
वाजय्,2,part,no exact MW headword
वारय्,2,indecl,no exact MW headword
वारिरुह,2,noun,no exact MW headword
वालुकिन्,2,noun,no exact MW headword
विकल्पशः,2,indecl,no exact MW headword
विक्रमय्,2,verb,no exact MW headword
विक्रापय्,2,verb,no exact MW headword
विक्षोभय्,2,part,no exact MW headword
विखण्डय्,2,part,no exact MW headword
विगणय्,2,part,no exact MW headword
विगन्धिन्,2,noun,no exact MW headword
विगर्हय्,2,part,no exact MW headword
विघट्टय्,2,part,no exact MW headword
विचाल्यते,2,,no exact MW headword
विच्यु,2,part,no exact MW headword
विजृम्भितक,2,noun,no exact MW headword
विज्य,2,noun,no exact MW headword
विटपावत्,2,noun,no exact MW headword
वित्तम,2,noun,no exact MW headword
वित्रासय्,2,indecl,no exact MW headword
विदारय्,2,verb,no exact MW headword
विदृ,2,part,no exact MW headword
विद्रावय्,2,indecl,no exact MW headword
विधारय्,2,verb,no exact MW headword
विधूनय्,2,part,no exact MW headword
विनर्द्,2,verb,no exact MW headword
विनादय्,2,verb,no exact MW headword
विनिगुह्,2,part,no exact MW headword
विनिपातय्,2,indecl,no exact MW headword
विनिर्दह्,2,part,no exact MW headword
विनिवर्तय्,2,verb,no exact MW headword
विनिवेशय्,2,indecl,no exact MW headword
विनिवेशय्,2,part,no exact MW headword
विनिष्क्रम्,2,part,no exact MW headword
विनोदय्,2,part,no exact MW headword
विपरिधाव्,2,part,no exact MW headword
विपरिधाव्,2,verb,no exact MW headword
विप्रत्यनीक,2,noun,no exact MW headword
विप्रदुष्,2,part,no exact MW headword
विप्रधाव्,2,part,no exact MW headword
विभाण्डक,2,noun,no exact MW headword
विमर्दय्,2,part,no exact MW headword
विमानय्,2,verb,no exact MW headword
विमोचय्,2,verb,no exact MW headword
विरलशस्,2,indecl,no exact MW headword
विरोधय्,2,indecl,no exact MW headword
विलक्षय्,2,part,no exact MW headword
विलोडय्,2,part,no exact MW headword
विलोपय्,2,verb,no exact MW headword
विवर्तय्,2,part,no exact MW headword
विवेचय्,2,verb,no exact MW headword
विशुष्,2,part,no exact MW headword
विशुष्,2,verb,no exact MW headword
विश्लेषण,2,noun,no exact MW headword
विषादय्,2,indecl,no exact MW headword
विषादय्,2,verb,no exact MW headword
विसंज्ञागती,2,noun,no exact MW headword
विस्रावय्,2,part,no exact MW headword
विहिंस्,2,part,no exact MW headword
विहिंस्,2,verb,no exact MW headword
वृक्षमूलिक,2,noun,no exact MW headword
वृद्धिका,2,noun,no exact MW headword
वृध,2,noun,no exact MW headword
वृह्,2,verb,no exact MW headword
वेल्लक,2,noun,no exact MW headword
वेशय्,2,verb,no exact MW headword
वेषिन्,2,noun,no exact MW headword
वेष्टितक,2,noun,no exact MW headword
व्यङ्गित,2,noun,no exact MW headword
व्यञ्जय्,2,part,no exact MW headword
व्यति,2,noun,no exact MW headword
व्यत्यस्,2,indecl,no exact MW headword
व्यत्यस्,2,verb,no exact MW headword
व्यपास्,2,part,no exact MW headword
व्यवसा,2,indecl,no exact MW headword
व्यवस्थापय्,2,indecl,no exact MW headword
व्यवस्थापय्,2,part,no exact MW headword
व्यावर्तय्,2,verb,no exact MW headword
व्रीडय्,2,verb,no exact MW headword
शब्दय्,2,part,no exact MW headword
शरवण,2,noun,no exact MW headword
शवीर,2,noun,no exact MW headword
शातय्,2,verb,no exact MW headword
शार्दूली,2,noun,no exact MW headword
शाल्यन्न,2,noun,no exact MW headword
शिक्षितु,2,noun,no exact MW headword
शिथिलय्,2,part,no exact MW headword
शिथिलीकृ,2,part,no exact MW headword
शीतीभू,2,part,no exact MW headword
शीत्कृ,2,part,no exact MW headword
शीलय्,2,part,no exact MW headword
शुरुध्,2,noun,no exact MW headword
श्यालाः,2,,no exact MW headword
श्यैत,2,noun,no exact MW headword
श्रावणा,2,noun,no exact MW headword
श्वेतपर्वत,2,noun,no exact MW headword
षड्विंशत्,2,noun,no exact MW headword
संकम्प्,2,verb,no exact MW headword
संकुञ्च्,2,verb,no exact MW headword
संक्रामय्,2,part,no exact MW headword
संचारय्,2,part,no exact MW headword
संचोदय्,2,indecl,no exact MW headword
संछादय्,2,indecl,no exact MW headword
संजल्प्,2,part,no exact MW headword
संतर्जय्,2,part,no exact MW headword
संतर्पय्,2,indecl,no exact MW headword
संतारय्,2,part,no exact MW headword
संतृ,2,indecl,no exact MW headword
संधारय्,2,verb,no exact MW headword
संधुक्ष्,2,indecl,no exact MW headword
संनिकृष्,2,part,no exact MW headword
संनिपातय्,2,verb,no exact MW headword
संनिबन्ध्,2,part,no exact MW headword
संनिवारय्,2,indecl,no exact MW headword
संप्रचल्,2,part,no exact MW headword
संप्रदीप्,2,part,no exact MW headword
संप्रभणित,2,noun,no exact MW headword
संप्रवेशय्,2,part,no exact MW headword
संप्रस्वप्,2,part,no exact MW headword
संमानय्,2,indecl,no exact MW headword
संमोहय्,2,part,no exact MW headword
संयोधय्,2,verb,no exact MW headword
संरुद्धिका,2,noun,no exact MW headword
संलज्ज्,2,part,no exact MW headword
संवर्तय्,2,indecl,no exact MW headword
संशमय्,2,verb,no exact MW headword
संश्रावय्,2,indecl,no exact MW headword
संस्तम्भय्,2,verb,no exact MW headword
संस्थापय्,2,verb,no exact MW headword
संहनिका,2,noun,no exact MW headword
सक्,2,stem,no exact MW headword
सज्जय्,2,part,no exact MW headword
सज्जय्,2,verb,no exact MW headword
सत्यनामा,2,noun,no exact MW headword
सनिष्ण्,2,verb,no exact MW headword
सन्तुष्ट,2,noun,no exact MW headword
सफलय्,2,verb,no exact MW headword
सबलाक,2,noun,no exact MW headword
सभाजय्,2,part,no exact MW headword
सभाजय्,2,verb,no exact MW headword
समनःशिल,2,noun,no exact MW headword
समन्वाहृ,2,verb,no exact MW headword
समभिधाव्,2,verb,no exact MW headword
समभ्ये,2,indecl,no exact MW headword
समर्घ,2,noun,no exact MW headword
समर्चय्,2,part,no exact MW headword
समवलोकय्,2,part,no exact MW headword
समवाप्,2,indecl,no exact MW headword
समाश्वासय्,2,part,no exact MW headword
समुत्थापय्,2,part,no exact MW headword
समुत्पात,2,noun,no exact MW headword
समुदानी,2,indecl,no exact MW headword
समुदाहृ,2,verb,no exact MW headword
समुद्रगा,2,noun,no exact MW headword
समुद्विज्,2,part,no exact MW headword
समुन्नह्,2,part,no exact MW headword
समुन्मूलय्,2,verb,no exact MW headword
समुपभुज्,2,verb,no exact MW headword
समुपह्वा,2,verb,no exact MW headword
समुपाश्रि,2,indecl,no exact MW headword
सम्पूरय्,2,verb,no exact MW headword
सम्प्रतीक्ष्,2,verb,no exact MW headword
सम्प्रतीष्,2,verb,no exact MW headword
सम्प्रद्रु,2,verb,no exact MW headword
सम्प्री,2,part,no exact MW headword
सम्बोधय्,2,verb,no exact MW headword
सम्मीलय्,2,part,no exact MW headword
सरस्वन्त्,2,noun,no exact MW headword
सराक्षस,2,noun,no exact MW headword
सर्पिमण्ड,2,noun,no exact MW headword
सलिलक्रिया,2,noun,no exact MW headword
सांनाह्य,2,noun,no exact MW headword
साङ्ख्य,2,noun,no exact MW headword
सामग्र्य,2,noun,no exact MW headword
सामूर,2,noun,no exact MW headword
सामूली,2,noun,no exact MW headword
सार्वत्रिक,2,noun,no exact MW headword
सासुर,2,noun,no exact MW headword
सिक्तक,2,noun,no exact MW headword
सिततुरग,2,noun,no exact MW headword
सिन्दुवारक,2,noun,no exact MW headword
सीसक,2,noun,no exact MW headword
सुकालिन्,2,noun,no exact MW headword
सुदुस्तर,2,noun,no exact MW headword
सुनाभक,2,noun,no exact MW headword
सुराधिप,2,noun,no exact MW headword
सुवर्णकार,2,noun,no exact MW headword
सूदय्,2,indecl,no exact MW headword
सैन्धविका,2,noun,no exact MW headword
सैसक,2,noun,no exact MW headword
सोपानक,2,noun,no exact MW headword
सौवर्णकरणी,2,noun,no exact MW headword
स्तभाय्,2,verb,no exact MW headword
स्तेनय्,2,verb,no exact MW headword
स्त्रीक,2,noun,no exact MW headword
स्त्रीधन,2,noun,no exact MW headword
स्नपय्,2,part,no exact MW headword
स्नपय्,2,verb,no exact MW headword
स्नापय्,2,indecl,no exact MW headword
स्नापय्,2,part,no exact MW headword
स्फुरितक,2,noun,no exact MW headword
स्फोटय्,2,part,no exact MW headword
स्मरारि,2,noun,no exact MW headword
स्वप,2,stem,no exact MW headword
स्वर्णरोमन्,2,noun,no exact MW headword
हन्1_णिच्,2,part,no exact MW headword
हर्षय्,2,verb,no exact MW headword
हविर्भुज्,2,noun,no exact MW headword
हाहाकार,2,noun,no exact MW headword
हितंकर,2,noun,no exact MW headword
हिरण्यवत्,2,noun,no exact MW headword
हेत्विन्द्रिय,2,noun,no exact MW headword
होत्रा,2,noun,no exact MW headword
ह्रस्वता,2,noun,no exact MW headword
ह्लादय्,2,verb,no exact MW headword
-,1,,no exact MW headword
अ-प्रतिष्ठः,1,,no exact MW headword
अंकार,1,noun,no exact MW headword
अंशकला,1,noun,no exact MW headword
अंशप्रकल्पना,1,noun,no exact MW headword
अंशांश,1,noun,no exact MW headword
अंशुभर्तृ,1,noun,no exact MW headword
अंहूरण,1,noun,no exact MW headword
अःकार,1,noun,no exact MW headword
अकथयत्,1,noun,no exact MW headword
अकदर्य,1,noun,no exact MW headword
अकम्प,1,noun,no exact MW headword
अकर्दम,1,noun,no exact MW headword
अकारक,1,noun,no exact MW headword
अकार्पण्य,1,noun,no exact MW headword
अकिंचनवच,1,noun,no exact MW headword
अकीर्तन,1,noun,no exact MW headword
अकुण्डलिन्,1,noun,no exact MW headword
अकुत्रा,1,indecl,no exact MW headword
अकुत्सित,1,noun,no exact MW headword
अकृतबुद्दित्व,1,stem,no exact MW headword
अकृत्स्न,1,stem,no exact MW headword
अकृष्य,1,noun,no exact MW headword
अकेश,1,noun,no exact MW headword
अक्षिति,1,noun,no exact MW headword
अग्र्या,1,noun,no exact MW headword
अघृण,1,noun,no exact MW headword
अङ्केशय,1,noun,no exact MW headword
अङ्गलोपा,1,noun,no exact MW headword
अङ्घ्रिप,1,noun,no exact MW headword
अचर,1,noun,no exact MW headword
अचिन्ता,1,noun,no exact MW headword
अचिरेर,1,stem,no exact MW headword
अचोदित,1,noun,no exact MW headword
अजबिन्दु,1,noun,no exact MW headword
अजिह्विका,1,noun,no exact MW headword
अजीव,1,noun,no exact MW headword
अज्ञान-विमोहिताः,1,,no exact MW headword
अञ्जय्,1,part,no exact MW headword
अट्,1,indecl,no exact MW headword
अट्टहासिन्,1,noun,no exact MW headword
अत,1,stem,no exact MW headword
अतन्द्रित,1,noun,no exact MW headword
अतिकाम,1,noun,no exact MW headword
अतिकाल,1,noun,no exact MW headword
अतिक्रान्ततम,1,noun,no exact MW headword
अतिक्रान्ति,1,noun,no exact MW headword
अतिक्रामय्,1,indecl,no exact MW headword
अतिक्रुश्,1,verb,no exact MW headword
अतिक्षोभ,1,noun,no exact MW headword
अतिगृहक,1,noun,no exact MW headword
अतितरस्विन्,1,noun,no exact MW headword
अतितितीर्षत्,1,noun,no exact MW headword
अतितेजस्,1,noun,no exact MW headword
अतित्वरय्,1,verb,no exact MW headword
अतिदर्पय्,1,part,no exact MW headword
अतिद्युति,1,noun,no exact MW headword
अतिपातय्,1,verb,no exact MW headword
अतिभृ,1,part,no exact MW headword
अतिभेदिन्,1,noun,no exact MW headword
अतिमर्त्य,1,noun,no exact MW headword
अतिरेकिन्,1,noun,no exact MW headword
अतिवासय्,1,verb,no exact MW headword
अतिवाहय्,1,verb,no exact MW headword
अतिविपुल,1,noun,no exact MW headword
अतिवीर्य,1,noun,no exact MW headword
अतिसन्न,1,noun,no exact MW headword
अतिस्नेह,1,noun,no exact MW headword
अतुल्य,1,noun,no exact MW headword
अतृण,1,noun,no exact MW headword
अतोषयत्,1,noun,no exact MW headword
अत्मतृप्त,1,stem,no exact MW headword
अत्मबव,1,stem,no exact MW headword
अत्यक्त,1,noun,no exact MW headword
अत्यजत्,1,noun,no exact MW headword
अत्याख्या,1,indecl,no exact MW headword
अत्याशय्,1,part,no exact MW headword
अत्युच्चगामिन्,1,noun,no exact MW headword
अत्युत्तम,1,noun,no exact MW headword
अत्राण,1,noun,no exact MW headword
अत्रिवर्ष,1,noun,no exact MW headword
अदंश,1,noun,no exact MW headword
अदंष्ट्रिन्,1,noun,no exact MW headword
अदर्म,1,stem,no exact MW headword
अदित्य,1,stem,no exact MW headword
अदिव्य,1,noun,no exact MW headword
अदीयमान,1,noun,no exact MW headword
अदोषवत्,1,noun,no exact MW headword
अद्रिराज,1,noun,no exact MW headword
अधः,1,indecl,no exact MW headword
अधःशाख,1,noun,no exact MW headword
अधःशीर्ष,1,noun,no exact MW headword
अधरीकृ,1,verb,no exact MW headword
अधर्मन्-अभिभव,1,noun,no exact MW headword
अधर्षित,1,noun,no exact MW headword
अधिकरणवत्,1,noun,no exact MW headword
अधिकारवत्,1,noun,no exact MW headword
अधिकुप्,1,part,no exact MW headword
अधिगणय्,1,verb,no exact MW headword
अधिगमिक,1,noun,no exact MW headword
अधिजनन,1,noun,no exact MW headword
अधिदैवत,1,noun,no exact MW headword
अधिधाव्,1,verb,no exact MW headword
अधिमुक्तिक,1,noun,no exact MW headword
अधिवेष्टय्,1,part,no exact MW headword
अधोमुखमुख,1,noun,no exact MW headword
अध्यापक,1,noun,no exact MW headword
अध्यारोपय्,1,verb,no exact MW headword
अध्यालम्ब्,1,part,no exact MW headword
अध्येषणा,1,noun,no exact MW headword
अध्येषय्,1,indecl,no exact MW headword
अध्वर्य्,1,part,no exact MW headword
अध्वस्मन्,1,noun,no exact MW headword
अनतिप्रवृत्त,1,noun,no exact MW headword
अनतिप्रिय,1,noun,no exact MW headword
अनतिशङ्का,1,noun,no exact MW headword
अनतिशायन,1,noun,no exact MW headword
अनत्मन्,1,stem,no exact MW headword
अनदित्व,1,stem,no exact MW headword
अनधिगच्छत्,1,noun,no exact MW headword
अननुप्राप्त,1,noun,no exact MW headword
अननुष्ठित,1,noun,no exact MW headword
अननुष्ठीयमान,1,noun,no exact MW headword
अनन्तविर्य,1,stem,no exact MW headword
अनपराधिन्,1,noun,no exact MW headword
अनपेक्षण,1,noun,no exact MW headword
अनभिनन्दन,1,noun,no exact MW headword
अनभिसंधान,1,noun,no exact MW headword
अनभिहार,1,noun,no exact MW headword
अनभीप्सु,1,noun,no exact MW headword
अनभ्यनुज्ञात,1,noun,no exact MW headword
अनभ्र,1,noun,no exact MW headword
अनभ्रक,1,noun,no exact MW headword
अनरम्ब,1,stem,no exact MW headword
अनर्थिन्,1,noun,no exact MW headword
अनलंकार,1,noun,no exact MW headword
अनवक्षिपत्,1,noun,no exact MW headword
अनवबोधन,1,noun,no exact MW headword
अनवभ्र,1,noun,no exact MW headword
अनवेक्षक,1,noun,no exact MW headword
अनवेक्षा,1,noun,no exact MW headword
अनाक्षेप,1,noun,no exact MW headword
अनाख्येय,1,noun,no exact MW headword
अनाज्ञा,1,noun,no exact MW headword
अनातिष्ठत्,1,noun,no exact MW headword
अनादातृ,1,noun,no exact MW headword
अनादान,1,noun,no exact MW headword
अनाधृष्यतम,1,noun,no exact MW headword
अनारोग्य,1,noun,no exact MW headword
अनालोक्य,1,noun,no exact MW headword
अनासन्न,1,noun,no exact MW headword
अनासादयमान,1,noun,no exact MW headword
अनासिक,1,noun,no exact MW headword
अनास्वादित,1,noun,no exact MW headword
अनिक्षेप्तृ,1,noun,no exact MW headword
अनिन्द्रक,1,noun,no exact MW headword
अनियन्त्रण,1,noun,no exact MW headword
अनिरवसित,1,noun,no exact MW headword
अनिर्गत,1,noun,no exact MW headword
अनिर्गम,1,noun,no exact MW headword
अनिर्णयण,1,noun,no exact MW headword
अनिलपुत्र,1,noun,no exact MW headword
अनिवर्तित,1,noun,no exact MW headword
अनिवेदन,1,noun,no exact MW headword
अनिश्वसत्,1,noun,no exact MW headword
अनिष्क्रम,1,noun,no exact MW headword
अनुकर्शय्,1,part,no exact MW headword
अनुकर्षिन्,1,noun,no exact MW headword
अनुकीर्तय्,1,verb,no exact MW headword
अनुकूलय्,1,verb,no exact MW headword
अनुगुणय्,1,part,no exact MW headword
अनुग्राह्यता,1,noun,no exact MW headword
अनुचारय्,1,verb,no exact MW headword
अनुचिन्तय्,1,indecl,no exact MW headword
अनुच्छ्वसत्,1,noun,no exact MW headword
अनुच्छ्वास,1,noun,no exact MW headword
अनुत्पत्तिक,1,noun,no exact MW headword
अनुत्रस्,1,part,no exact MW headword
अनुद्गत,1,noun,no exact MW headword
अनुद्रष्टृ,1,noun,no exact MW headword
अनुध्या,1,part,no exact MW headword
अनुनादय्,1,verb,no exact MW headword
अनुपकुर्वाण,1,noun,no exact MW headword
अनुपघातक,1,noun,no exact MW headword
अनुपभोग्य,1,noun,no exact MW headword
अनुपरिन्द्,1,verb,no exact MW headword
अनुपरिवर्तिन्,1,noun,no exact MW headword
अनुपरिवारय्,1,indecl,no exact MW headword
अनुपरोधयत्,1,noun,no exact MW headword
अनुपशम,1,noun,no exact MW headword
अनुपसेवित,1,noun,no exact MW headword
अनुपस्थीयमान,1,noun,no exact MW headword
अनुपूजय्,1,verb,no exact MW headword
अनुपूरय्,1,verb,no exact MW headword
अनुपेक्षण,1,noun,no exact MW headword
अनुपेक्षा,1,noun,no exact MW headword
अनुप्रकॄ,1,part,no exact MW headword
अनुप्रमद्,1,verb,no exact MW headword
अनुप्रहि,1,part,no exact MW headword
अनुप्राण,1,noun,no exact MW headword
अनुबन्धय्,1,part,no exact MW headword
अनुभावय्,1,part,no exact MW headword
अनुभाववत्,1,noun,no exact MW headword
अनुभाषय्,1,part,no exact MW headword
अनुमानय्,1,verb,no exact MW headword
अनुयायिता,1,noun,no exact MW headword
अनुरम्,1,part,no exact MW headword
अनुरूपतस्,1,indecl,no exact MW headword
अनुलिप्,1,indecl,no exact MW headword
अनुवर्णय्,1,part,no exact MW headword
अनुवर्तक,1,noun,no exact MW headword
अनुवर्तयति,1,,no exact MW headword
अनुवर्तय्,1,indecl,no exact MW headword
अनुवर्तितृ,1,noun,no exact MW headword
अनुवासय्,1,part,no exact MW headword
अनुविचिन्तय्,1,part,no exact MW headword
अनुविनादय्,1,part,no exact MW headword
अनुव्रज्या,1,noun,no exact MW headword
अनुशाल,1,noun,no exact MW headword
अनुशास्तृ,1,noun,no exact MW headword
अनुशिष्,1,indecl,no exact MW headword
अनुशिष्,1,verb,no exact MW headword
अनुशी,1,verb,no exact MW headword
अनुषज्जते,1,,no exact MW headword
अनुसंतति,1,noun,no exact MW headword
अनुस्मरय्,1,part,no exact MW headword
अनुह्लाद,1,noun,no exact MW headword
अनृच,1,noun,no exact MW headword
अनृण्य,1,noun,no exact MW headword
अनैष्ठिक,1,noun,no exact MW headword
अन्तर्धापय्,1,indecl,no exact MW headword
अन्तर्धापय्,1,verb,no exact MW headword
अन्तर्धूम,1,noun,no exact MW headword
अन्तर्यामिक,1,noun,no exact MW headword
अन्तसद्,1,noun,no exact MW headword
अन्धकारी,1,noun,no exact MW headword
अन्नप्राशन,1,noun,no exact MW headword
अन्नवत्,1,noun,no exact MW headword
अन्यथाकृत,1,noun,no exact MW headword
अन्ववे,1,indecl,no exact MW headword
अन्वायति,1,noun,no exact MW headword
अन्वृतु,1,indecl,no exact MW headword
अन्वे,1,verb,no exact MW headword
अन्वेषय्,1,part,no exact MW headword
अपकर्षय्,1,part,no exact MW headword
अपकर्षय्,1,verb,no exact MW headword
अपघाटय्,1,verb,no exact MW headword
अपचरण,1,noun,no exact MW headword
अपजिह्विका,1,noun,no exact MW headword
अपतित,1,noun,no exact MW headword
अपत्,1,stem,no exact MW headword
अपत्राप्य,1,noun,no exact MW headword
अपदिष्टक,1,noun,no exact MW headword
अपनोद,1,noun,no exact MW headword
अपमृज्,1,part,no exact MW headword
अपमृज्,1,verb,no exact MW headword
अपरगोदानीय,1,noun,no exact MW headword
अपराह्णिक,1,noun,no exact MW headword
अपरिकीर्तित,1,noun,no exact MW headword
अपरिक्लिष्ट,1,noun,no exact MW headword
अपरिगणयत्,1,noun,no exact MW headword
अपरित्याग,1,noun,no exact MW headword
अपरिरक्षत्,1,noun,no exact MW headword
अपरिवर्तित,1,noun,no exact MW headword
अपरिसंस्थित,1,noun,no exact MW headword
अपरीक्षमाण,1,noun,no exact MW headword
अपर्,1,stem,no exact MW headword
अपलायन,1,noun,no exact MW headword
अपलायिन्,1,noun,no exact MW headword
अपली,1,part,no exact MW headword
अपवर्जय्,1,verb,no exact MW headword
अपवादय्,1,part,no exact MW headword
अपवारय्,1,part,no exact MW headword
अपस्यु,1,noun,no exact MW headword
अपहर्तु,1,noun,no exact MW headword
अपहारय्,1,part,no exact MW headword
अपहारय्,1,verb,no exact MW headword
अपहासय्,1,indecl,no exact MW headword
अपाण्डव,1,noun,no exact MW headword
अपात्रीकरण,1,noun,no exact MW headword
अपादिका,1,noun,no exact MW headword
अपानुद्,1,part,no exact MW headword
अपाश्रि,1,part,no exact MW headword
अपाहा,1,indecl,no exact MW headword
अपुनरावृत्ति,1,noun,no exact MW headword
अपुनर्निवृत्ति,1,noun,no exact MW headword
अपुरोभाग,1,noun,no exact MW headword
अपुष्पित,1,noun,no exact MW headword
अपुस्तक,1,noun,no exact MW headword
अपेशस्,1,noun,no exact MW headword
अपोहन,1,noun,no exact MW headword
अप्त्य,1,noun,no exact MW headword
अप्पति,1,noun,no exact MW headword
अप्र,1,stem,no exact MW headword
अप्रचार,1,noun,no exact MW headword
अप्रचारिन्,1,noun,no exact MW headword
अप्रतिकूलयत्,1,noun,no exact MW headword
अप्रतिकृत,1,noun,no exact MW headword
अप्रतिगृह्णत्,1,noun,no exact MW headword
अप्रतिजल्पत्,1,noun,no exact MW headword
अप्रतितर्कित,1,noun,no exact MW headword
अप्रतिपूजित,1,noun,no exact MW headword
अप्रतियुध्यत्,1,noun,no exact MW headword
अप्रतिवारित,1,noun,no exact MW headword
अप्रतिवार्यमाण,1,noun,no exact MW headword
अप्रतिसम्बद्ध,1,noun,no exact MW headword
अप्रत्यादिशत्,1,noun,no exact MW headword
अप्रदक्षिण,1,noun,no exact MW headword
अप्रदातृ,1,noun,no exact MW headword
अप्रमाणशुभ,1,noun,no exact MW headword
अप्रमाणाभ,1,noun,no exact MW headword
अप्रमाद्यत्,1,noun,no exact MW headword
अप्रमोद,1,noun,no exact MW headword
अप्रयात,1,noun,no exact MW headword
अप्रवेष्टव्य,1,noun,no exact MW headword
अप्रसह्य,1,noun,no exact MW headword
अप्रहरण,1,noun,no exact MW headword
अप्राप्तवत्,1,noun,no exact MW headword
अप्रामाणिक,1,noun,no exact MW headword
अबहिष्कृत,1,noun,no exact MW headword
अबिभ्रत्,1,noun,no exact MW headword
अबीजक,1,noun,no exact MW headword
अबृह,1,noun,no exact MW headword
अब्यसुय,1,stem,no exact MW headword
अब्रुवाण,1,noun,no exact MW headword
अभाग्यतर,1,noun,no exact MW headword
अभार्य,1,noun,no exact MW headword
अभिकर्शय्,1,part,no exact MW headword
अभिगर्व्,1,part,no exact MW headword
अभिग्रस्,1,verb,no exact MW headword
अभिघोष,1,noun,no exact MW headword
अभिचिन्तय्,1,part,no exact MW headword
अभिचिन्तय्,1,verb,no exact MW headword
अभिच्छादय्,1,indecl,no exact MW headword
अभितर्जय्,1,indecl,no exact MW headword
अभितर्जय्,1,part,no exact MW headword
अभिताडय्,1,part,no exact MW headword
अभिताडय्,1,verb,no exact MW headword
अभितुद्,1,verb,no exact MW headword
अभिदापय्,1,verb,no exact MW headword
अभिधारय्,1,part,no exact MW headword
अभिधृ,1,part,no exact MW headword
अभिनन्दय्,1,verb,no exact MW headword
अभिनिग्रह,1,noun,no exact MW headword
अभिनिपत्,1,part,no exact MW headword
अभिनिपातन,1,noun,no exact MW headword
अभिनिपीडय्,1,part,no exact MW headword
अभिनिमन्त्रय्,1,part,no exact MW headword
अभिनिर्जि,1,indecl,no exact MW headword
अभिनिर्मा,1,verb,no exact MW headword
अभिनिर्मुच्,1,part,no exact MW headword
अभिनिर्वर्तय्,1,verb,no exact MW headword
अभिनिवासय्,1,part,no exact MW headword
अभिनिष्क्रामय्,1,verb,no exact MW headword
अभिपतितु,1,noun,no exact MW headword
अभिपत्ति,1,noun,no exact MW headword
अभिपरिप्लु,1,part,no exact MW headword
अभिपरी,1,part,no exact MW headword
अभिपातय्,1,verb,no exact MW headword
अभिपालन,1,noun,no exact MW headword
अभिपिष्,1,part,no exact MW headword
अभिपीडय्,1,verb,no exact MW headword
अभिपुष्,1,part,no exact MW headword
अभिप्रग्रह्,1,indecl,no exact MW headword
अभिप्रचोदय्,1,part,no exact MW headword
अभिप्रधाव्,1,part,no exact MW headword
अभिप्रनृत्,1,part,no exact MW headword
अभिप्रलम्बय्,1,verb,no exact MW headword
अभिप्रवर्तय्,1,verb,no exact MW headword
अभिप्रसादय्,1,part,no exact MW headword
अभिप्रस्वप्,1,part,no exact MW headword
अभिप्रायवत्,1,noun,no exact MW headword
अभिप्रार्थय्,1,part,no exact MW headword
अभिबन्ध्,1,verb,no exact MW headword
अभिभाविन्,1,noun,no exact MW headword
अभिमन्त्रय्,1,verb,no exact MW headword
अभिमर्दन,1,noun,no exact MW headword
अभिमुखय्,1,part,no exact MW headword
अभियशस्,1,noun,no exact MW headword
अभियोजय्,1,part,no exact MW headword
अभिरदन,1,noun,no exact MW headword
अभिराधय्,1,part,no exact MW headword
अभिलक्षय्,1,verb,no exact MW headword
अभिलङ्घय्,1,verb,no exact MW headword
अभिलापिन्,1,noun,no exact MW headword
अभिलाषुक,1,noun,no exact MW headword
अभिवन्द्,1,verb,no exact MW headword
अभिवर्णय्,1,verb,no exact MW headword
अभिवर्तय्,1,verb,no exact MW headword
अभिवारय्,1,part,no exact MW headword
अभिविगाह्,1,indecl,no exact MW headword
अभिविनिःसृ,1,part,no exact MW headword
अभिविनी,1,part,no exact MW headword
अभिविश्,1,part,no exact MW headword
अभिविश्रम्,1,verb,no exact MW headword
अभिविहा,1,indecl,no exact MW headword
अभिवेदय्,1,verb,no exact MW headword
अभिवेष्टय्,1,part,no exact MW headword
अभिव्यध्,1,verb,no exact MW headword
अभिव्याहारय्,1,verb,no exact MW headword
अभिव्लग्,1,indecl,no exact MW headword
अभिशङ्क्,1,verb,no exact MW headword
अभिशप्,1,verb,no exact MW headword
अभिशोभय्,1,part,no exact MW headword
अभिषेचयितृ,1,noun,no exact MW headword
अभिषेनय्,1,verb,no exact MW headword
अभिष्यन्दय्,1,part,no exact MW headword
अभिसंकुल,1,noun,no exact MW headword
अभिसंक्रम्,1,indecl,no exact MW headword
अभिसंछद्,1,part,no exact MW headword
अभिसंदर्शय्,1,indecl,no exact MW headword
अभिसंधक,1,noun,no exact MW headword
अभिसंबाध,1,noun,no exact MW headword
अभिसंरुध्,1,part,no exact MW headword
अभिसंहृष्,1,part,no exact MW headword
अभिसमन्वित,1,noun,no exact MW headword
अभिसमाधा,1,part,no exact MW headword
अभिसमीक्ष्,1,part,no exact MW headword
अभिसम्पराय,1,noun,no exact MW headword
अभिसम्पूजय्,1,indecl,no exact MW headword
अभिसान्त्वय्,1,part,no exact MW headword
अभिसारक,1,noun,no exact MW headword
अभिहिंस्,1,verb,no exact MW headword
अभीत,1,noun,no exact MW headword
अभीति,1,noun,no exact MW headword
अभीप्सु,1,noun,no exact MW headword
अभीसार,1,noun,no exact MW headword
अभ्यधिगन्तृ,1,noun,no exact MW headword
अभ्यमित्र,1,noun,no exact MW headword
अभ्यर्चय्,1,part,no exact MW headword
अभ्यर्चय्,1,verb,no exact MW headword
अभ्यर्दय्,1,verb,no exact MW headword
अभ्यवकृ,1,part,no exact MW headword
अभ्यवकृ,1,verb,no exact MW headword
अभ्यवपद्,1,part,no exact MW headword
अभ्यसूयक,1,noun,no exact MW headword
अभ्यसूयिन्,1,noun,no exact MW headword
अभ्यसूय्,1,part,no exact MW headword
अभ्यसूय्,1,verb,no exact MW headword
अभ्युक्ष्,1,part,no exact MW headword
अभ्युच्छ्रि,1,part,no exact MW headword
अभ्युच्छ्रि,1,verb,no exact MW headword
अभ्युद्गृ,1,part,no exact MW headword
अभ्युन्नम्,1,part,no exact MW headword
अभ्युपागम्,1,part,no exact MW headword
अमनस्विन्,1,noun,no exact MW headword
अमलतर,1,noun,no exact MW headword
अमान्य,1,noun,no exact MW headword
अमित्रक,1,noun,no exact MW headword
अमित्राय्,1,verb,no exact MW headword
अमित्रिन्,1,noun,no exact MW headword
अमिल,1,noun,no exact MW headword
अमुकुटिन्,1,noun,no exact MW headword
अमुदित,1,noun,no exact MW headword
अमूर्तिक,1,noun,no exact MW headword
अमृज,1,noun,no exact MW headword
अमेय,1,noun,no exact MW headword
अमोघराज,1,noun,no exact MW headword
अम्बष्ठी,1,noun,no exact MW headword
अम्बुरय,1,noun,no exact MW headword
अयत्त,1,noun,no exact MW headword
अयथावत्,1,indecl,no exact MW headword
अयमित,1,noun,no exact MW headword
अयवत्,1,noun,no exact MW headword
अयाच्य,1,noun,no exact MW headword
अयाच्यामान,1,noun,no exact MW headword
अयुक्तक,1,noun,no exact MW headword
अयुग्मलोचन,1,noun,no exact MW headword
अयुज्,1,noun,no exact MW headword
अरन्ध्र,1,noun,no exact MW headword
अररु,1,noun,no exact MW headword
अरावण,1,noun,no exact MW headword
अरिक्थीय,1,noun,no exact MW headword
अरूपवत्,1,noun,no exact MW headword
अर्धचतुर्थ,1,noun,no exact MW headword
अर्धपञ्चम,1,noun,no exact MW headword
अर्धसप्तशत,1,noun,no exact MW headword
अर्पय्,1,indecl,no exact MW headword
अर्भग,1,noun,no exact MW headword
अर्मालव,1,noun,no exact MW headword
अलक्षण्य,1,noun,no exact MW headword
अलज्ज,1,noun,no exact MW headword
अलज्जा,1,noun,no exact MW headword
अलपिन्,1,noun,no exact MW headword
अलित,1,noun,no exact MW headword
अलोमक,1,noun,no exact MW headword
अलोमश,1,noun,no exact MW headword
अलोलुप्त्व,1,noun,no exact MW headword
अवकर्तय्,1,verb,no exact MW headword
अवकल्पय्,1,verb,no exact MW headword
अवक्षोदन,1,noun,no exact MW headword
अवगुण्ठय्,1,part,no exact MW headword
अवघट्टय्,1,part,no exact MW headword
अवघाटक,1,noun,no exact MW headword
अवघोषक,1,noun,no exact MW headword
अवचूर्णय्,1,part,no exact MW headword
अवच्छादय्,1,indecl,no exact MW headword
अवच्छादय्,1,part,no exact MW headword
अवच्य,1,stem,no exact MW headword
अवजृम्भ्,1,part,no exact MW headword
अवदृ,1,part,no exact MW headword
अवदोहन,1,noun,no exact MW headword
अवधारय्,1,part,no exact MW headword
अवधीरय्,1,verb,no exact MW headword
अवधूनय्,1,part,no exact MW headword
अवनमय्,1,part,no exact MW headword
अवनमय्,1,verb,no exact MW headword
अवनामय्,1,part,no exact MW headword
अवनिष्ठीव्,1,part,no exact MW headword
अवपातय्,1,indecl,no exact MW headword
अवपीडय्,1,verb,no exact MW headword
अवप्लु,1,verb,no exact MW headword
अवबन्ध्,1,part,no exact MW headword
अवबन्ध्,1,verb,no exact MW headword
अवमर्ष,1,noun,no exact MW headword
अवरक,1,noun,no exact MW headword
अवरुद्,1,verb,no exact MW headword
अवरोपय्,1,verb,no exact MW headword
अवर्षत्,1,noun,no exact MW headword
अवलम्बय्,1,part,no exact MW headword
अवलम्बितक,1,noun,no exact MW headword
अवलेपय्,1,verb,no exact MW headword
अवलोक्,1,verb,no exact MW headword
अवशङ्किन्,1,noun,no exact MW headword
अवशर्धय्,1,part,no exact MW headword
अवशातय्,1,verb,no exact MW headword
अवसादयेत्,1,,no exact MW headword
अवसादय्,1,part,no exact MW headword
अवसादय्,1,verb,no exact MW headword
अवसायय्,1,part,no exact MW headword
अवसु,1,part,no exact MW headword
अवस्कन्दक,1,noun,no exact MW headword
अवस्तृ,1,verb,no exact MW headword
अवहारय्,1,verb,no exact MW headword
अवहृ,1,part,no exact MW headword
अवानर,1,noun,no exact MW headword
अवार,1,noun,no exact MW headword
अविक,1,noun,no exact MW headword
अविकत्थत्,1,noun,no exact MW headword
अविकम्प,1,noun,no exact MW headword
अविकाङ्क्षा,1,noun,no exact MW headword
अविकास,1,noun,no exact MW headword
अविगृहीत,1,noun,no exact MW headword
अविचालयत्,1,noun,no exact MW headword
अविच्छिद्र,1,noun,no exact MW headword
अवितर्कित,1,noun,no exact MW headword
अविनश्यत्,1,noun,no exact MW headword
अविपन्न,1,noun,no exact MW headword
अविपाटित,1,noun,no exact MW headword
अविभावित,1,noun,no exact MW headword
अविमानना,1,noun,no exact MW headword
अविरामम्,1,indecl,no exact MW headword
अविलम्बयत्,1,noun,no exact MW headword
अविलास,1,noun,no exact MW headword
अविवर,1,noun,no exact MW headword
अविशुद्धि,1,noun,no exact MW headword
अविश्लिष्ट,1,noun,no exact MW headword
अविश्वासिन्,1,noun,no exact MW headword
अविषह्यतम,1,noun,no exact MW headword
अविष्य्,1,part,no exact MW headword
अविस्मय,1,noun,no exact MW headword
अविस्मयान,1,noun,no exact MW headword
अविस्मरण,1,noun,no exact MW headword
अवृत,1,noun,no exact MW headword
अवेक्षित,1,noun,no exact MW headword
अव्यभिचार्य,1,noun,no exact MW headword
अव्रीडायमान,1,noun,no exact MW headword
अशर्कर,1,noun,no exact MW headword
अशासित्वा,1,indecl,no exact MW headword
अशिशिररश्मि,1,noun,no exact MW headword
अशुद्धि,1,noun,no exact MW headword
अशौण्डीर,1,noun,no exact MW headword
अश्लीक,1,noun,no exact MW headword
अश्वबन्ध,1,noun,no exact MW headword
अश्वमुखी,1,noun,no exact MW headword
अश्वस्तनिक,1,noun,no exact MW headword
अष्टापाद्य,1,noun,no exact MW headword
अष्टोत्तरशत,1,noun,no exact MW headword
असंख्येयतम,1,noun,no exact MW headword
असंघात,1,noun,no exact MW headword
असंचाल्य,1,noun,no exact MW headword
असंज्ञिसत्त्व,1,noun,no exact MW headword
असंदेश,1,noun,no exact MW headword
असंभूत,1,noun,no exact MW headword
असंवसत्,1,noun,no exact MW headword
असंविग्न,1,noun,no exact MW headword
असंस्पर्श,1,noun,no exact MW headword
असत्तम,1,noun,no exact MW headword
असमागत,1,noun,no exact MW headword
असमीक्षा,1,noun,no exact MW headword
असहस्रद,1,noun,no exact MW headword
असांशयिक,1,noun,no exact MW headword
असृष्टन्न,1,stem,no exact MW headword
असेवक,1,noun,no exact MW headword
अस्तब्धत्व,1,noun,no exact MW headword
अस्तसंख्य,1,noun,no exact MW headword
अस्ताचल,1,noun,no exact MW headword
अस्थिसंचयन,1,noun,no exact MW headword
अस्पृहयत्,1,noun,no exact MW headword
अस्य,1,stem,no exact MW headword
अस्रग्विन्,1,noun,no exact MW headword
अस्रुपुर्र,1,stem,no exact MW headword
अस्वन्ततर,1,noun,no exact MW headword
अस्वादु,1,noun,no exact MW headword
अहंपूर्वक,1,noun,no exact MW headword
अहम्,1,stem,no exact MW headword
अहिमांशु,1,noun,no exact MW headword
अहिविद्विष्,1,noun,no exact MW headword
अहेतुमत्,1,noun,no exact MW headword
आकम्प्,1,verb,no exact MW headword
आकरिक,1,noun,no exact MW headword
आकर्णपूर्ण,1,noun,no exact MW headword
आकलय्,1,verb,no exact MW headword
आकल्पिक,1,noun,no exact MW headword
आकाशनिलय,1,noun,no exact MW headword
आक्रोशक,1,noun,no exact MW headword
आख्य,1,noun,no exact MW headword
आगध्,1,part,no exact MW headword
आगमय्,1,part,no exact MW headword
आगस्कृत्,1,noun,no exact MW headword
आघट्टय्,1,verb,no exact MW headword
आङ्_चर्1,1,part,no exact MW headword
आचामय्,1,part,no exact MW headword
आचामय्,1,verb,no exact MW headword
आचार्याणी,1,noun,no exact MW headword
आचितक,1,noun,no exact MW headword
आचूष्,1,verb,no exact MW headword
आच्छादय्,1,verb,no exact MW headword
आजीवन,1,noun,no exact MW headword
आजीवय्,1,part,no exact MW headword
आतृ,1,verb,no exact MW headword
आत्मसम्भवा,1,noun,no exact MW headword
आत्म्य,1,noun,no exact MW headword
आदय्,1,part,no exact MW headword
आदित्स्,1,part,no exact MW headword
आदिपूरुष,1,noun,no exact MW headword
आदीपय्,1,indecl,no exact MW headword
आदीपिक,1,noun,no exact MW headword
आधारय्,1,verb,no exact MW headword
आधू,1,part,no exact MW headword
आधू,1,verb,no exact MW headword
आनन्दय्,1,part,no exact MW headword
आनह्,1,part,no exact MW headword
आनिञ्ज्य,1,noun,no exact MW headword
आनुश्रविक,1,noun,no exact MW headword
आन्तरवत्य,1,noun,no exact MW headword
आन्वाहिक,1,noun,no exact MW headword
आपरान्तिक,1,noun,no exact MW headword
आपवर्ग्य,1,noun,no exact MW headword
आपातय्,1,part,no exact MW headword
आपातय्,1,verb,no exact MW headword
आपायय्,1,verb,no exact MW headword
आपीडय्,1,indecl,no exact MW headword
आपीडय्,1,part,no exact MW headword
आपीनक,1,noun,no exact MW headword
आपृ,1,verb,no exact MW headword
आप्त्य,1,noun,no exact MW headword
आप्या,1,part,no exact MW headword
आप्लावय्,1,indecl,no exact MW headword
आप्लावय्,1,verb,no exact MW headword
आभिघातिक,1,noun,no exact MW headword
आभ्यन्तरिक,1,noun,no exact MW headword
आमरणान्तिक,1,noun,no exact MW headword
आमर्षय्,1,part,no exact MW headword
आमीलय्,1,part,no exact MW headword
आम्भिर्य,1,noun,no exact MW headword
आम्भीय,1,noun,no exact MW headword
आम्रक,1,noun,no exact MW headword
आयाच्,1,part,no exact MW headword
आयुधवत्,1,noun,no exact MW headword
आयुष्मन्त्,1,noun,no exact MW headword
आयुस्तेजस्,1,noun,no exact MW headword
आयोजय्,1,part,no exact MW headword
आयोजय्,1,verb,no exact MW headword
आरब्धिका,1,noun,no exact MW headword
आरित,1,noun,no exact MW headword
आरिश्,1,verb,no exact MW headword
आरुरुक्ष्,1,part,no exact MW headword
आरे,1,indecl,no exact MW headword
आरेचिन्,1,noun,no exact MW headword
आरोचय्,1,part,no exact MW headword
आरोध,1,noun,no exact MW headword
आरोपयितृ,1,noun,no exact MW headword
आर्जुनेय,1,noun,no exact MW headword
आर्द्रपटवासस्,1,noun,no exact MW headword
आर्द्रय्,1,verb,no exact MW headword
आलक्षय्,1,part,no exact MW headword
आलयन,1,noun,no exact MW headword
आलापय्,1,verb,no exact MW headword
आलिप्,1,indecl,no exact MW headword
आलिप्,1,part,no exact MW headword
आलोडय्,1,part,no exact MW headword
आलोहित,1,noun,no exact MW headword
आवर्जय्,1,indecl,no exact MW headword
आवारय्,1,verb,no exact MW headword
आवासक,1,noun,no exact MW headword
आवासय्,1,part,no exact MW headword
आविरस्,1,verb,no exact MW headword
आवेशय्,1,indecl,no exact MW headword
आवेशय्,1,part,no exact MW headword
आवेष्टय्,1,indecl,no exact MW headword
आवेष्टय्,1,part,no exact MW headword
आशय्,1,part,no exact MW headword
आशिन,1,noun,no exact MW headword
आश्,1,part,no exact MW headword
आश्चर्यतर,1,noun,no exact MW headword
आश्रुत्,1,noun,no exact MW headword
आसनवत्,1,noun,no exact MW headword
आसेचय्,1,verb,no exact MW headword
आस्तारणवत्,1,noun,no exact MW headword
आस्थापय्,1,verb,no exact MW headword
आस्फोटय्,1,indecl,no exact MW headword
आस्फोटय्,1,verb,no exact MW headword
आहिच्छत्रिक,1,noun,no exact MW headword
आहिण्डिक,1,noun,no exact MW headword
आहोरात्रिक,1,noun,no exact MW headword
इङ्गय्,1,verb,no exact MW headword
इच्च,1,stem,no exact MW headword
इतिकृत्य,1,noun,no exact MW headword
इत्थंभूत,1,noun,no exact MW headword
इन्द्रजिह्व,1,noun,no exact MW headword
इन्द्राणिक,1,noun,no exact MW headword
इन्द्रावरुण,1,noun,no exact MW headword
इन्द्रि,1,stem,no exact MW headword
इलय्,1,verb,no exact MW headword
इषण्,1,verb,no exact MW headword
इषुध्य्,1,part,no exact MW headword
इष्ट-काम-धुक्,1,,no exact MW headword
इस्वरबव,1,stem,no exact MW headword
ईक्षय्,1,verb,no exact MW headword
ईक्षिन्,1,noun,no exact MW headword
ईङ्खय्,1,verb,no exact MW headword
ईरय्,1,indecl,no exact MW headword
ईश्वरतर,1,noun,no exact MW headword
उग्रतर,1,noun,no exact MW headword
उच्चध्वज,1,noun,no exact MW headword
उच्चाटय्,1,part,no exact MW headword
उच्चारय्,1,part,no exact MW headword
उच्चारय्,1,verb,no exact MW headword
उच्चिदिङ्ग,1,noun,no exact MW headword
उच्छ्रापय्,1,indecl,no exact MW headword
उज्जिहीर्ष्,1,part,no exact MW headword
उज्ज्वलय्,1,verb,no exact MW headword
उज्ज्वालय्,1,indecl,no exact MW headword
उञ्छवृत्ति,1,noun,no exact MW headword
उञ्छ्,1,part,no exact MW headword
उड्डी,1,indecl,no exact MW headword
उड्डीय्,1,verb,no exact MW headword
उत्कण्ठय्,1,verb,no exact MW headword
उत्कण्ठ्,1,verb,no exact MW headword
उत्काश्,1,verb,no exact MW headword
उत्कीर्णिक,1,noun,no exact MW headword
उत्कोटय्,1,part,no exact MW headword
उत्क्रमय्,1,verb,no exact MW headword
उत्तमर्णिक,1,noun,no exact MW headword
उत्तम्भय्,1,part,no exact MW headword
उत्पलवत्,1,noun,no exact MW headword
उत्पाटय्,1,part,no exact MW headword
उत्पीडितक,1,noun,no exact MW headword
उत्सद,1,noun,no exact MW headword
उत्साद्यन्ते,1,,no exact MW headword
उत्सिसृक्ष्,1,verb,no exact MW headword
उत्सृति,1,noun,no exact MW headword
उदकिन्,1,noun,no exact MW headword
उदन्वन्त्,1,noun,no exact MW headword
उदवाप्,1,verb,no exact MW headword
उदूखलक,1,noun,no exact MW headword
उद्घाटय्,1,verb,no exact MW headword
उद्दय,1,noun,no exact MW headword
उद्द्योतय्,1,part,no exact MW headword
उद्धात,1,noun,no exact MW headword
उद्भा,1,verb,no exact MW headword
उद्यद्गिरि,1,noun,no exact MW headword
उद्यन्त्,1,noun,no exact MW headword
उद्यमय्,1,part,no exact MW headword
उद्यमय्,1,verb,no exact MW headword
उद्रक,1,noun,no exact MW headword
उद्वर्तय्,1,part,no exact MW headword
उद्वासय्,1,indecl,no exact MW headword
उद्वेपिन्,1,noun,no exact MW headword
उद्व्यध्,1,part,no exact MW headword
उन्द्,1,verb,no exact MW headword
उन्नमय्,1,part,no exact MW headword
उन्मज्जय्,1,verb,no exact MW headword
उन्मथय्,1,part,no exact MW headword
उन्मदय्,1,part,no exact MW headword
उन्मनीभू,1,verb,no exact MW headword
उन्मिञ्जितका,1,noun,no exact MW headword
उन्मीलय्,1,part,no exact MW headword
उन्मीलय्,1,verb,no exact MW headword
उपकल्पय्,1,verb,no exact MW headword
उपकारवत्,1,noun,no exact MW headword
उपकुर्वाण,1,noun,no exact MW headword
उपक्रुश्,1,part,no exact MW headword
उपक्लिश्,1,part,no exact MW headword
उपक्षय,1,noun,no exact MW headword
उपखनन,1,noun,no exact MW headword
उपगङ्गम्,1,indecl,no exact MW headword
उपगूह,1,noun,no exact MW headword
उपघातय्,1,verb,no exact MW headword
उपजल्प्,1,part,no exact MW headword
उपढौकय्,1,verb,no exact MW headword
उपतापय्,1,indecl,no exact MW headword
उपतीर्थ,1,noun,no exact MW headword
उपदिह्,1,part,no exact MW headword
उपदिह्,1,verb,no exact MW headword
उपधम्,1,verb,no exact MW headword
उपध्या,1,verb,no exact MW headword
उपनाभि,1,indecl,no exact MW headword
उपनिध्या,1,indecl,no exact MW headword
उपनिमन्त्रय्,1,part,no exact MW headword
उपनिर्हार,1,noun,no exact MW headword
उपनिवेशय्,1,verb,no exact MW headword
उपनिशामय्,1,indecl,no exact MW headword
उपनिश्रि,1,indecl,no exact MW headword
उपनिषद,1,noun,no exact MW headword
उपनिषेव्,1,verb,no exact MW headword
उपनृत्,1,part,no exact MW headword
उपपन्नतर,1,noun,no exact MW headword
उपपन्नतरक,1,noun,no exact MW headword
उपपादिन्,1,noun,no exact MW headword
उपपीडय्,1,part,no exact MW headword
उपबृंहय्,1,part,no exact MW headword
उपबृंहिन्,1,noun,no exact MW headword
उपभोजन,1,noun,no exact MW headword
उपमन्त्रय्,1,part,no exact MW headword
उपमन्त्रय्,1,verb,no exact MW headword
उपयन्तृ,1,noun,no exact MW headword
उपलिप्स्,1,verb,no exact MW headword
उपलेपय्,1,verb,no exact MW headword
उपवञ्च्,1,part,no exact MW headword
उपवर्णय्,1,verb,no exact MW headword
उपवासय्,1,part,no exact MW headword
उपवेधक,1,noun,no exact MW headword
उपव्रज्,1,indecl,no exact MW headword
उपशमय्,1,part,no exact MW headword
उपशुध्,1,part,no exact MW headword
उपशुभ्,1,verb,no exact MW headword
उपशोभय्,1,verb,no exact MW headword
उपष्टम्भक,1,noun,no exact MW headword
उपसंक्रामय्,1,verb,no exact MW headword
उपसंप्राप्ति,1,noun,no exact MW headword
उपसंव्रज्,1,verb,no exact MW headword
उपसंस्कृ,1,part,no exact MW headword
उपसखि,1,indecl,no exact MW headword
उपसर्जय्,1,part,no exact MW headword
उपसान्त्वय्,1,part,no exact MW headword
उपस्कन्दन,1,noun,no exact MW headword
उपस्थायक,1,noun,no exact MW headword
उपस्नु,1,part,no exact MW headword
उपहिंसा,1,noun,no exact MW headword
उपह्वा,1,part,no exact MW headword
उपातिगम्,1,verb,no exact MW headword
उपानत्क,1,noun,no exact MW headword
उपानम्,1,verb,no exact MW headword
उपानह,1,noun,no exact MW headword
उपाराध्,1,indecl,no exact MW headword
उपार्जय्,1,verb,no exact MW headword
उपावर्तय्,1,part,no exact MW headword
उभ्,1,verb,no exact MW headword
उल्कावत्,1,noun,no exact MW headword
उल्लङ्घय्,1,part,no exact MW headword
उल्लम्बन,1,noun,no exact MW headword
उल्लसय्,1,verb,no exact MW headword
उल्लासय्,1,part,no exact MW headword
उल्लिह्,1,part,no exact MW headword
उल्लोक्,1,part,no exact MW headword
उल्लोपिका,1,noun,no exact MW headword
उशत्तम,1,noun,no exact MW headword
उष्ट्रक,1,noun,no exact MW headword
ऊनय्,1,verb,no exact MW headword
ऊर्ण,1,noun,no exact MW headword
ऊर्णतेजस्,1,noun,no exact MW headword
ऊर्ध्ववासिन्,1,noun,no exact MW headword
ऊवध्य,1,noun,no exact MW headword
ऊहय्,1,verb,no exact MW headword
ऋताय्,1,part,no exact MW headword
ऋषिगुप्त,1,noun,no exact MW headword
ऋषिदेव,1,noun,no exact MW headword
एकपादक,1,noun,no exact MW headword
एकपादी,1,noun,no exact MW headword
एकबक्ति,1,stem,no exact MW headword
एकशाल्मली,1,noun,no exact MW headword
एकादशिक,1,noun,no exact MW headword
एकान्तिन्,1,noun,no exact MW headword
एज्,1,part,no exact MW headword
एतरी,1,noun,no exact MW headword
एलाधान,1,noun,no exact MW headword
एवंचित्त,1,noun,no exact MW headword
एवंप्रमाण,1,noun,no exact MW headword
एवंभूत,1,noun,no exact MW headword
ऐकपुरुषिक,1,noun,no exact MW headword
ऐन्द्रसूनव,1,noun,no exact MW headword
ओजस्क,1,noun,no exact MW headword
ओजाय्,1,part,no exact MW headword
ओष्ठकर्णक,1,noun,no exact MW headword
औत्कार्ष्य,1,noun,no exact MW headword
औपघातिक,1,noun,no exact MW headword
औपवास्य,1,noun,no exact MW headword
और्ध्वदैहिक,1,noun,no exact MW headword
ककुच्छन्द,1,noun,no exact MW headword
ककुद्मन्त्,1,noun,no exact MW headword
कटकटायय्,1,indecl,no exact MW headword
कठिनी,1,noun,no exact MW headword
कण्डक,1,noun,no exact MW headword
कण्डोलिका,1,noun,no exact MW headword
कद्रुका,1,noun,no exact MW headword
कनकमुनि,1,noun,no exact MW headword
कनखल,1,noun,no exact MW headword
कपालशिरस्,1,noun,no exact MW headword
कपोलभित्ति,1,noun,no exact MW headword
कबर,1,noun,no exact MW headword
कमबोग,1,stem,no exact MW headword
करकु,1,noun,no exact MW headword
करम्भी,1,noun,no exact MW headword
करवीरकर,1,noun,no exact MW headword
करवीराक्ष,1,noun,no exact MW headword
करुणतर,1,noun,no exact MW headword
कर्,1,stem,no exact MW headword
कर्करीत,1,noun,no exact MW headword
कर्णाटक,1,noun,no exact MW headword
कर्तक,1,noun,no exact MW headword
कर्तरिका,1,noun,no exact MW headword
कर्म,1,stem,no exact MW headword
कर्मपलहेतु,1,stem,no exact MW headword
कर्शयन्तः,1,,no exact MW headword
कर्शय्,1,indecl,no exact MW headword
कर्शय्,1,verb,no exact MW headword
कर्शिन्,1,noun,no exact MW headword
कर्षय्,1,indecl,no exact MW headword
कर्षय्,1,verb,no exact MW headword
कर्हिचित्,1,indecl,no exact MW headword
कलयत्,1,noun,no exact MW headword
कलहय्,1,verb,no exact MW headword
कलहाय्,1,part,no exact MW headword
कलापवत्,1,noun,no exact MW headword
कल्पयितृ,1,noun,no exact MW headword
कल्याणतम,1,noun,no exact MW headword
कवलय्,1,verb,no exact MW headword
कश्मीर,1,noun,no exact MW headword
कष्टतम,1,noun,no exact MW headword
काञ्चनरोमन्,1,noun,no exact MW headword
काञ्चनिक,1,noun,no exact MW headword
काण्डक,1,noun,no exact MW headword
कान्ततम,1,noun,no exact MW headword
कान्ताय्,1,verb,no exact MW headword
कापा,1,noun,no exact MW headword
कामण्डलुक,1,noun,no exact MW headword
कामदुह्,1,noun,no exact MW headword
काम्पिल्या,1,noun,no exact MW headword
काम्बुक,1,noun,no exact MW headword
कारुका,1,noun,no exact MW headword
कार्कटक,1,noun,no exact MW headword
कार्त्तस्वर,1,noun,no exact MW headword
कार्दमिक,1,noun,no exact MW headword
कार्मारिका,1,noun,no exact MW headword
काल-अनल-सन्निभ,1,noun,no exact MW headword
कालिमन्,1,noun,no exact MW headword
काश्यपि,1,noun,no exact MW headword
किंपुरुषीकृ,1,part,no exact MW headword
किंसखन्,1,noun,no exact MW headword
किङ्किणीक,1,noun,no exact MW headword
किमिल,1,noun,no exact MW headword
किसलयिन्,1,noun,no exact MW headword
कुचर्या,1,noun,no exact MW headword
कुट्टय्,1,verb,no exact MW headword
कुड्मलीभू,1,part,no exact MW headword
कुत्स्,1,verb,no exact MW headword
कुम्भदासी,1,noun,no exact MW headword
कुम्भसम्भव,1,noun,no exact MW headword
कुम्भीधान्यक,1,noun,no exact MW headword
कुरङ्गाय्,1,verb,no exact MW headword
कुरुटावि,1,noun,no exact MW headword
कुरुटु,1,noun,no exact MW headword
कुरुवृद्ध,1,noun,no exact MW headword
कुलदर्म,1,stem,no exact MW headword
कुलमितिका,1,noun,no exact MW headword
कुल्याय्,1,verb,no exact MW headword
कुशप्लवन,1,noun,no exact MW headword
कुष्ठक,1,noun,no exact MW headword
कुसुमक,1,noun,no exact MW headword
कुसूलधान्यक,1,noun,no exact MW headword
कूचिद्,1,indecl,no exact MW headword
कूटवत्,1,noun,no exact MW headword
कूर्मक,1,noun,no exact MW headword
कूष्माण्ड,1,noun,no exact MW headword
कृतदार,1,noun,no exact MW headword
कृत्तम,1,noun,no exact MW headword
कृपय,1,stem,no exact MW headword
कृष्णवेणी,1,noun,no exact MW headword
कृष्णाय्,1,verb,no exact MW headword
कृष्णाहि,1,noun,no exact MW headword
केकिन्,1,noun,no exact MW headword
केतय्,1,part,no exact MW headword
केलय्,1,part,no exact MW headword
केशाकेशिक,1,noun,no exact MW headword
कैवर्तक,1,noun,no exact MW headword
कोकिलाक्ष,1,noun,no exact MW headword
कोकूज्,1,part,no exact MW headword
कोपय्,1,indecl,no exact MW headword
कोम्य,1,noun,no exact MW headword
कौचपक,1,noun,no exact MW headword
कौचुमार,1,noun,no exact MW headword
कौतूहलिक,1,noun,no exact MW headword
कौरज,1,noun,no exact MW headword
कौशीलव्य,1,noun,no exact MW headword
कौष्ठेयक,1,noun,no exact MW headword
क्रन्दय्,1,verb,no exact MW headword
क्राकचिक,1,noun,no exact MW headword
क्रीडय्,1,part,no exact MW headword
क्रीडय्,1,verb,no exact MW headword
क्रीडापय्,1,verb,no exact MW headword
क्रीडितु,1,noun,no exact MW headword
क्लिष्टवत्तर,1,noun,no exact MW headword
क्लेशय्,1,part,no exact MW headword
क्लेशय्,1,verb,no exact MW headword
क्वाथन,1,noun,no exact MW headword
क्षकार,1,noun,no exact MW headword
क्षणप्रकाशा,1,noun,no exact MW headword
क्षपावन्त्,1,noun,no exact MW headword
क्षमतर,1,noun,no exact MW headword
क्षमापय्,1,indecl,no exact MW headword
क्षालय्,1,verb,no exact MW headword
क्षितिपाल,1,noun,no exact MW headword
क्षितिरुह,1,noun,no exact MW headword
क्षिप्रतर,1,noun,no exact MW headword
क्षीरकाकोली,1,noun,no exact MW headword
क्षीरवक,1,noun,no exact MW headword
क्षीरसिन्धु,1,noun,no exact MW headword
क्षुम्प,1,noun,no exact MW headword
क्षेप्तु,1,noun,no exact MW headword
क्षोण,1,noun,no exact MW headword
क्ष्वेडय्,1,verb,no exact MW headword
खण्डय्,1,verb,no exact MW headword
खानय्,1,indecl,no exact MW headword
खेदय्,1,part,no exact MW headword
गजोपमर्दित,1,noun,no exact MW headword
गणभर्तृ,1,noun,no exact MW headword
गण्डवत्,1,noun,no exact MW headword
गतिंगत,1,noun,no exact MW headword
गदाभृत्,1,noun,no exact MW headword
गन्धारि,1,noun,no exact MW headword
गन्धोपजीविन्,1,noun,no exact MW headword
गमनीयतम,1,noun,no exact MW headword
गमय्,1,indecl,no exact MW headword
गर्दभाक्रान्त,1,noun,no exact MW headword
गर्भवत्,1,noun,no exact MW headword
गर्भस्राव,1,noun,no exact MW headword
गर्हय्,1,indecl,no exact MW headword
गर्हय्,1,part,no exact MW headword
गर्हय्,1,verb,no exact MW headword
गलहस्तय्,1,verb,no exact MW headword
गवाश्व,1,noun,no exact MW headword
गवेडक,1,noun,no exact MW headword
गवेधु,1,noun,no exact MW headword
गवेन्द्र,1,noun,no exact MW headword
गाणनिक्य,1,noun,no exact MW headword
गातुय्,1,verb,no exact MW headword
गाधिपुत्र,1,noun,no exact MW headword
गुण-कर्मन्-विभागशः,1,,no exact MW headword
गुणकेतु,1,noun,no exact MW headword
गुरुकृ,1,part,no exact MW headword
गुरुतल्पिन्,1,noun,no exact MW headword
गुह्यतर,1,noun,no exact MW headword
गूहय्,1,part,no exact MW headword
गृभय्,1,part,no exact MW headword
गृहतर,1,noun,no exact MW headword
गृहित्व,1,stem,no exact MW headword
गोदानीय,1,noun,no exact MW headword
गोपतिध्वज,1,noun,no exact MW headword
गोपदी,1,noun,no exact MW headword
गोपायक,1,noun,no exact MW headword
गोपाय्,1,part,no exact MW headword
गोपाय्,1,verb,no exact MW headword
गोमयाय्,1,verb,no exact MW headword
गोमारिका,1,noun,no exact MW headword
गोरक्ष्य,1,noun,no exact MW headword
गोष्पण,1,noun,no exact MW headword
गोष्पदीकृत,1,noun,no exact MW headword
गौतमीसुत,1,noun,no exact MW headword
ग्रन्थिभेद,1,noun,no exact MW headword
ग्रन्थ्,1,verb,no exact MW headword
ग्रसितृ,1,noun,no exact MW headword
ग्रासय्,1,part,no exact MW headword
ग्लपय्,1,part,no exact MW headword
ग्लापय्,1,verb,no exact MW headword
घनवर्त्मन्,1,noun,no exact MW headword
घनीभू,1,part,no exact MW headword
घर्मग,1,noun,no exact MW headword
घर्मद्युति,1,noun,no exact MW headword
घर्मवारि,1,noun,no exact MW headword
घूर्णय्,1,part,no exact MW headword
घूर्णय्,1,verb,no exact MW headword
घूर्ण्,1,verb,no exact MW headword
घोषय्,1,part,no exact MW headword
चक्रमालिन्,1,noun,no exact MW headword
चक्रवन्त्,1,noun,no exact MW headword
चङ्क्रमत्,1,noun,no exact MW headword
चञ्चुर,1,noun,no exact MW headword
चञ्चूर्य्,1,part,no exact MW headword
चण्डोदरी,1,noun,no exact MW headword
चतित,1,stem,no exact MW headword
चतुष्ठूण,1,noun,no exact MW headword
चतुष्पञ्चाशत्,1,noun,no exact MW headword
चनस्य्,1,verb,no exact MW headword
चन्द्राय्,1,verb,no exact MW headword
चमसी,1,noun,no exact MW headword
चरणशुश्रूषा,1,noun,no exact MW headword
चरिताविन्,1,noun,no exact MW headword
चलय्,1,verb,no exact MW headword
चलितक,1,noun,no exact MW headword
चाकश्,1,verb,no exact MW headword
चाक्रवालिक,1,noun,no exact MW headword
चातुर्महाद्वीपक,1,noun,no exact MW headword
चातुर्य,1,noun,no exact MW headword
चारभट,1,noun,no exact MW headword
चारय्,1,indecl,no exact MW headword
चारुदत,1,noun,no exact MW headword
चालनिका,1,noun,no exact MW headword
चिकित्स्,1,verb,no exact MW headword
चित्रीय्,1,part,no exact MW headword
चिमिचिमाय्,1,part,no exact MW headword
चिमिय,1,noun,no exact MW headword
चिराय्,1,part,no exact MW headword
चिह्नय्,1,indecl,no exact MW headword
चीरिन्,1,noun,no exact MW headword
चीरीवाक,1,noun,no exact MW headword
चुम्बिनी,1,noun,no exact MW headword
चूचुक,1,noun,no exact MW headword
चूर्णित,1,noun,no exact MW headword
चेतय्,1,part,no exact MW headword
चेतय्,1,verb,no exact MW headword
चेल्ल,1,noun,no exact MW headword
चेष्टय्,1,part,no exact MW headword
चोदय्,1,indecl,no exact MW headword
चोरय्,1,verb,no exact MW headword
चोष्कूय्,1,part,no exact MW headword
चौद्र,1,noun,no exact MW headword
चौर्णेय,1,noun,no exact MW headword
छन्दय्,1,verb,no exact MW headword
छन्दस्विन्,1,noun,no exact MW headword
छन्दु,1,noun,no exact MW headword
छलयताम्,1,,no exact MW headword
छविक,1,noun,no exact MW headword
छाद्मिक,1,noun,no exact MW headword
छायावत्,1,noun,no exact MW headword
छित्त्वा,1,,no exact MW headword
छेदय्,1,indecl,no exact MW headword
छेदिक,1,noun,no exact MW headword
जगतीरुह,1,noun,no exact MW headword
जङ्गह्,1,verb,no exact MW headword
जङ्घन्,1,verb,no exact MW headword
जञ्ज्,1,part,no exact MW headword
जठल,1,noun,no exact MW headword
जनवाद,1,noun,no exact MW headword
जनीभू,1,verb,no exact MW headword
जनेत्री,1,noun,no exact MW headword
जम्बूप्रस्थ,1,noun,no exact MW headword
जम्भय्,1,part,no exact MW headword
जम्भय्,1,verb,no exact MW headword
जयदेवक,1,noun,no exact MW headword
जरण्या,1,noun,no exact MW headword
जर्भुर्,1,part,no exact MW headword
जर्हृष्,1,part,no exact MW headword
जलयन्त्र,1,noun,no exact MW headword
जलात्यय,1,noun,no exact MW headword
जसुरि,1,noun,no exact MW headword
जागरय्,1,verb,no exact MW headword
जाजृम्भ्,1,part,no exact MW headword
जाज्वल्,1,verb,no exact MW headword
जालवातायन,1,noun,no exact MW headword
जालूथ,1,noun,no exact MW headword
जिग्यु,1,noun,no exact MW headword
जिघत्स्,1,part,no exact MW headword
जिज्ञास्,1,verb,no exact MW headword
जित्तम,1,noun,no exact MW headword
जिनवक्त्र,1,noun,no exact MW headword
जिहास्,1,verb,no exact MW headword
जिह्मीकरण,1,noun,no exact MW headword
जिह्मीकृ,1,part,no exact MW headword
जीरक,1,noun,no exact MW headword
जीवय्,1,part,no exact MW headword
जीवापय्,1,part,no exact MW headword
जुगुप्स्,1,verb,no exact MW headword
जुष्2,1,part,no exact MW headword
जृम्भितक,1,noun,no exact MW headword
जेतु,1,noun,no exact MW headword
जेष,1,noun,no exact MW headword
जैष्णव,1,noun,no exact MW headword
जोगुव्,1,part,no exact MW headword
जोगुव्,1,verb,no exact MW headword
जोङ्गनी,1,noun,no exact MW headword
जोष्य,1,noun,no exact MW headword
ज्ञतम,1,noun,no exact MW headword
ज्ञानकेतुध्वज,1,noun,no exact MW headword
ज्ञानकौण्डिन्य,1,noun,no exact MW headword
ज्ञापय्,1,verb,no exact MW headword
ज्म्,1,noun,no exact MW headword
ज्वल,1,noun,no exact MW headword
ज्वालिन्,1,noun,no exact MW headword
टङ्कण,1,noun,no exact MW headword
तकवान,1,noun,no exact MW headword
तटी,1,noun,no exact MW headword
तण्डुलीयक,1,noun,no exact MW headword
ततुरि,1,noun,no exact MW headword
तत्परयर,1,stem,no exact MW headword
तत्रभवन्त्,1,noun,no exact MW headword
तथता,1,noun,no exact MW headword
तथाव्रत,1,noun,no exact MW headword
तद,1,stem,no exact MW headword
तद्भावभावितः,1,,no exact MW headword
तनयवत्,1,noun,no exact MW headword
तनुत्राण,1,noun,no exact MW headword
तनूजा,1,noun,no exact MW headword
तनूनप,1,noun,no exact MW headword
तन्तुवाय,1,noun,no exact MW headword
तन्द्रय्,1,part,no exact MW headword
तन्नि,1,stem,no exact MW headword
तपस्यसि,1,,no exact MW headword
तपान्त,1,noun,no exact MW headword
तरक्षु,1,noun,no exact MW headword
तरत्समन्दीय,1,noun,no exact MW headword
तरूषस्,1,noun,no exact MW headword
तर्कु,1,noun,no exact MW headword
तर्जापय्,1,verb,no exact MW headword
तर्पय्,1,indecl,no exact MW headword
तलिच्छक,1,noun,no exact MW headword
तव्य,1,noun,no exact MW headword
ताम्रिक,1,noun,no exact MW headword
ताम्रीभू,1,verb,no exact MW headword
तारयितृ,1,noun,no exact MW headword
ताराधिप,1,noun,no exact MW headword
तार्णस,1,noun,no exact MW headword
तावकीन,1,noun,no exact MW headword
तास्कर्य,1,noun,no exact MW headword
तिगित,1,noun,no exact MW headword
तिग्मांशु,1,noun,no exact MW headword
तिज्1,1,part,no exact MW headword
तितीर्ष्,1,verb,no exact MW headword
तिमिरय्,1,verb,no exact MW headword
तिरक,1,noun,no exact MW headword
तिरस्कर,1,noun,no exact MW headword
तीर्थक,1,noun,no exact MW headword
तुन्नवाय,1,noun,no exact MW headword
तुरगाधिरूढक,1,noun,no exact MW headword
तुरण्य्,1,part,no exact MW headword
तुलय्,1,indecl,no exact MW headword
तुलय्,1,verb,no exact MW headword
तुषाराद्रि,1,noun,no exact MW headword
तुहिनांशु,1,noun,no exact MW headword
तूणीर,1,noun,no exact MW headword
तूर्व्,1,part,no exact MW headword
तॄ1,1,part,no exact MW headword
तैत्तिरीय,1,noun,no exact MW headword
तैलपक,1,noun,no exact MW headword
तोलय्,1,part,no exact MW headword
तोषय्,1,indecl,no exact MW headword
तौरूप,1,noun,no exact MW headword
तौलिक,1,noun,no exact MW headword
त्मनी,1,noun,no exact MW headword
त्यक्तात्मन्,1,noun,no exact MW headword
त्यज,1,stem,no exact MW headword
त्यज्1,1,part,no exact MW headword
त्यागिता,1,noun,no exact MW headword
त्रयोदशन्,1,noun,no exact MW headword
त्रासिक,1,noun,no exact MW headword
त्रासिन्,1,noun,no exact MW headword
त्रिंशति,1,noun,no exact MW headword
त्रिचतुर,1,noun,no exact MW headword
त्रित्व,1,noun,no exact MW headword
त्रिपुरारि,1,noun,no exact MW headword
त्रिवलीवत्,1,noun,no exact MW headword
त्रिषष्टि,1,noun,no exact MW headword
त्रुति,1,noun,no exact MW headword
त्रेताग्नि,1,noun,no exact MW headword
त्रैवार्षिक,1,noun,no exact MW headword
त्वक्क,1,noun,no exact MW headword
त्वष्टि,1,noun,no exact MW headword
त्वादात,1,noun,no exact MW headword
त्वादृश्,1,noun,no exact MW headword
त्वायु,1,noun,no exact MW headword
दंशय्,1,part,no exact MW headword
दंष्ट्रवत्,1,noun,no exact MW headword
दंसना,1,noun,no exact MW headword
दंसस्,1,noun,no exact MW headword
दण्डय्,1,indecl,no exact MW headword
दत्तशुल्का,1,noun,no exact MW headword
दधिवक्त्र,1,noun,no exact MW headword
दन,1,stem,no exact MW headword
दन्तोलूखलिन्,1,noun,no exact MW headword
दमय्,1,part,no exact MW headword
दम्भय्,1,verb,no exact MW headword
दरिद्रत्,1,noun,no exact MW headword
दरीमन्,1,noun,no exact MW headword
दर्म्यमृत,1,stem,no exact MW headword
दर्शनीयतम,1,noun,no exact MW headword
दवानल,1,noun,no exact MW headword
दशतस्,1,indecl,no exact MW headword
दशमक,1,noun,no exact MW headword
दशमुख,1,noun,no exact MW headword
दशार्ध,1,noun,no exact MW headword
दाध्मा,1,part,no exact MW headword
दानवी,1,noun,no exact MW headword
दान्तक,1,noun,no exact MW headword
दारदक,1,noun,no exact MW headword
दारय्,1,verb,no exact MW headword
दासीक,1,noun,no exact MW headword
दिक्पति,1,noun,no exact MW headword
दित्स्,1,part,no exact MW headword
दित्स्,1,verb,no exact MW headword
दिदृक्ष्,1,verb,no exact MW headword
दिधक्ष्,1,verb,no exact MW headword
दिधिष्,1,part,no exact MW headword
दिधिष्,1,verb,no exact MW headword
दिप्स्,1,part,no exact MW headword
दिप्स्,1,verb,no exact MW headword
दिवागृहक,1,noun,no exact MW headword
दिवौकस,1,noun,no exact MW headword
दीर्घतम,1,noun,no exact MW headword
दीर्घय्,1,verb,no exact MW headword
दीर्घसूत्रिन्,1,noun,no exact MW headword
दुःखीय्,1,verb,no exact MW headword
दुःसंस्थित,1,noun,no exact MW headword
दुधुक्ष्,1,verb,no exact MW headword
दुधूष्,1,part,no exact MW headword
दुध्,1,part,no exact MW headword
दुरतिक्रमणीय,1,noun,no exact MW headword
दुराक्रम,1,noun,no exact MW headword
दुराक्राम,1,noun,no exact MW headword
दुराचर,1,noun,no exact MW headword
दुरात्मवत्,1,noun,no exact MW headword
दुरारक्षतम,1,noun,no exact MW headword
दुरावर,1,noun,no exact MW headword
दुरुच्छेद,1,noun,no exact MW headword
दुरुत्सह,1,noun,no exact MW headword
दुरुपसद,1,noun,no exact MW headword
दुरूह,1,noun,no exact MW headword
दुरोक,1,noun,no exact MW headword
दुर्गम्य,1,noun,no exact MW headword
दुर्ग्राह्य,1,noun,no exact MW headword
दुर्निरीक्षित,1,noun,no exact MW headword
दुर्निवारण,1,noun,no exact MW headword
दुर्निवेश,1,noun,no exact MW headword
दुर्बन्धन,1,noun,no exact MW headword
दुर्मेधस्,1,noun,no exact MW headword
दुर्योण,1,noun,no exact MW headword
दुर्लभतर,1,noun,no exact MW headword
दुर्वस,1,noun,no exact MW headword
दुर्वाचक,1,noun,no exact MW headword
दुर्विभाव,1,noun,no exact MW headword
दुवस्य्,1,part,no exact MW headword
दुष्कृतिन्,1,noun,no exact MW headword
दुष्टतर,1,noun,no exact MW headword
दुष्ठु,1,indecl,no exact MW headword
दुष्प्रतिवीक्ष्य,1,noun,no exact MW headword
दुष्प्रतीक,1,noun,no exact MW headword
दुष्प्रसह्य,1,noun,no exact MW headword
दुष्प्रस्थान,1,noun,no exact MW headword
दुस्तार,1,noun,no exact MW headword
दुहिलितिका,1,noun,no exact MW headword
दुह्क,1,stem,no exact MW headword
दूरक,1,noun,no exact MW headword
दूषयितृ,1,noun,no exact MW headword
दृंहय्,1,part,no exact MW headword
दृढीकरण,1,noun,no exact MW headword
दृष्,1,stem,no exact MW headword
देदीप्य्,1,part,no exact MW headword
देवकीनन्दन,1,noun,no exact MW headword
देवताति,1,noun,no exact MW headword
देवदुन्दुभि,1,noun,no exact MW headword
देवयु,1,noun,no exact MW headword
देवय्,1,part,no exact MW headword
देवहूती,1,noun,no exact MW headword
देवाञ्च्,1,noun,no exact MW headword
देवालय,1,noun,no exact MW headword
देवासुर,1,noun,no exact MW headword
दैन्यता,1,noun,no exact MW headword
दैवसभेय,1,noun,no exact MW headword
दोङ्गक,1,noun,no exact MW headword
दोधु,1,verb,no exact MW headword
दोषवत्तर,1,noun,no exact MW headword
दौष्कुलेय,1,noun,no exact MW headword
द्यूत्य,1,noun,no exact MW headword
द्योतय्,1,verb,no exact MW headword
द्रव्ययज्य,1,stem,no exact MW headword
द्रावय्,1,verb,no exact MW headword
द्रुमाय्,1,verb,no exact MW headword
द्रुह्यु,1,noun,no exact MW headword
द्रोणपुत्र,1,noun,no exact MW headword
द्वरिन्,1,noun,no exact MW headword
द्वात्रिंशत्तम,1,noun,no exact MW headword
द्वारप,1,noun,no exact MW headword
द्वाररक्षिन्,1,noun,no exact MW headword
द्वाविंशति,1,noun,no exact MW headword
द्विजबन्धु,1,noun,no exact MW headword
द्विजलिङ्गिन्,1,noun,no exact MW headword
द्विजश्रेष्ठ,1,noun,no exact MW headword
द्विजेन्द्र,1,noun,no exact MW headword
द्विजोत्तम,1,noun,no exact MW headword
द्विसप्तति,1,noun,no exact MW headword
द्वीपक,1,noun,no exact MW headword
द्वैमात्र,1,noun,no exact MW headword
धत्तूरक,1,noun,no exact MW headword
धनरक्षक,1,noun,no exact MW headword
धनाधिपति,1,noun,no exact MW headword
धनाय्,1,part,no exact MW headword
धनुष्कलाप,1,noun,no exact MW headword
धनुष्कोटि,1,noun,no exact MW headword
धन्यतम,1,noun,no exact MW headword
धरणिक,1,noun,no exact MW headword
धर्मपाश,1,noun,no exact MW headword
धर्मसूनु,1,noun,no exact MW headword
धर्मस्थीय,1,noun,no exact MW headword
धर्मात्मज,1,noun,no exact MW headword
धवलय्,1,part,no exact MW headword
धव्,1,verb,no exact MW headword
धात्रेयिक,1,noun,no exact MW headword
धानावत्,1,noun,no exact MW headword
धान्यमालिनी,1,noun,no exact MW headword
धारणिक,1,noun,no exact MW headword
धावय्,1,verb,no exact MW headword
धित्स्,1,verb,no exact MW headword
धियाय्,1,part,no exact MW headword
धीरतर,1,noun,no exact MW headword
धूपय्,1,verb,no exact MW headword
धूमाय्,1,verb,no exact MW headword
धूर्ततर,1,noun,no exact MW headword
ध्मापय्,1,verb,no exact MW headword
ध्मायक,1,noun,no exact MW headword
ध्यायिका,1,noun,no exact MW headword
ध्रज्,1,verb,no exact MW headword
ध्वंसय्,1,part,no exact MW headword
ध्वजग्रीव,1,noun,no exact MW headword
ध्वजाग्रनिशामणी,1,noun,no exact MW headword
ध्वनय्,1,verb,no exact MW headword
ध्वसनि,1,noun,no exact MW headword
नक्तंचारिन्,1,noun,no exact MW headword
नक्तंदिन,1,noun,no exact MW headword
नत्य्,1,stem,no exact MW headword
नदय्,1,verb,no exact MW headword
नन,1,stem,no exact MW headword
नन्दय्,1,indecl,no exact MW headword
नन्नम्,1,verb,no exact MW headword
नरनाथ,1,noun,no exact MW headword
नवदशन्,1,noun,no exact MW headword
नवेदस्,1,noun,no exact MW headword
नागस्,1,noun,no exact MW headword
नागा,1,noun,no exact MW headword
नातिमानिता,1,noun,no exact MW headword
नाथवत्तर,1,noun,no exact MW headword
नादय्,1,verb,no exact MW headword
नानद्,1,verb,no exact MW headword
नानास्त्री,1,noun,no exact MW headword
नायय्,1,part,no exact MW headword
नायय्,1,verb,no exact MW headword
नारीका,1,noun,no exact MW headword
निंस्,1,verb,no exact MW headword
निःप्रभंकर,1,noun,no exact MW headword
निःसंशयीकृत,1,noun,no exact MW headword
निःस्वध,1,noun,no exact MW headword
निकषय्,1,verb,no exact MW headword
निकूज्,1,verb,no exact MW headword
निकृ,1,part,no exact MW headword
निगल,1,noun,no exact MW headword
निगृ,1,part,no exact MW headword
निगृ,1,stem,no exact MW headword
निघ्रा,1,part,no exact MW headword
निदर्शय्,1,indecl,no exact MW headword
निद्रायमाण,1,noun,no exact MW headword
निधायक,1,noun,no exact MW headword
निधिमत्,1,noun,no exact MW headword
निध्या,1,part,no exact MW headword
निध्या,1,verb,no exact MW headword
निध्यापय्,1,verb,no exact MW headword
निनीष्,1,part,no exact MW headword
निन्दय्,1,part,no exact MW headword
निपातय्,1,indecl,no exact MW headword
निबर्हय्,1,verb,no exact MW headword
निमज्जय्,1,verb,no exact MW headword
निमा,1,part,no exact MW headword
निमिषन्,1,,no exact MW headword
निमीलय्,1,verb,no exact MW headword
नियन्त्रय्,1,part,no exact MW headword
नियमय्,1,verb,no exact MW headword
निरङ्गण,1,noun,no exact MW headword
निरतिशय,1,noun,no exact MW headword
निरपत्य,1,noun,no exact MW headword
निरभ्र,1,noun,no exact MW headword
निरव,1,noun,no exact MW headword
निरश्रि,1,noun,no exact MW headword
निरात्मन्,1,noun,no exact MW headword
निरादा,1,indecl,no exact MW headword
निरादिश्,1,part,no exact MW headword
निरि,1,part,no exact MW headword
निरीतिक,1,noun,no exact MW headword
निरूदक,1,noun,no exact MW headword
निर्घण्ट,1,noun,no exact MW headword
निर्णुद्,1,part,no exact MW headword
निर्णुद्,1,verb,no exact MW headword
निर्दक्ष,1,noun,no exact MW headword
निर्दुह्,1,verb,no exact MW headword
निर्धाव्,1,verb,no exact MW headword
निर्निमिष,1,noun,no exact MW headword
निर्भास्,1,verb,no exact MW headword
निर्भीत,1,noun,no exact MW headword
निर्भुज्,1,part,no exact MW headword
निर्मालिका,1,noun,no exact MW headword
निर्मूलय्,1,verb,no exact MW headword
निर्मृज्,1,indecl,no exact MW headword
निर्मृज्,1,part,no exact MW headword
निर्मृज्,1,verb,no exact MW headword
निर्यातयितु,1,noun,no exact MW headword
निर्यातय्,1,indecl,no exact MW headword
निर्यातय्,1,verb,no exact MW headword
निर्यापक,1,noun,no exact MW headword
निर्यापय्,1,indecl,no exact MW headword
निर्यापय्,1,part,no exact MW headword
निर्यापय्,1,verb,no exact MW headword
निर्वम्,1,part,no exact MW headword
निर्वम्,1,verb,no exact MW headword
निर्वषट्कार,1,noun,no exact MW headword
निर्वाक्य,1,noun,no exact MW headword
निर्वापय्,1,verb,no exact MW headword
निर्विषह,1,noun,no exact MW headword
निर्विस्रम्भ,1,noun,no exact MW headword
निर्वृ,1,part,no exact MW headword
निर्वेदन,1,noun,no exact MW headword
निर्वेष्टु,1,noun,no exact MW headword
निर्व्यय,1,noun,no exact MW headword
निर्ह्रादवत्,1,noun,no exact MW headword
निवारयितु,1,noun,no exact MW headword
निवासय्,1,part,no exact MW headword
निवाहिन्,1,noun,no exact MW headword
निवीतिन्,1,noun,no exact MW headword
निवेत्तृ,1,noun,no exact MW headword
निशमय्,1,part,no exact MW headword
निशामय्,1,indecl,no exact MW headword
निशामय्,1,part,no exact MW headword
निश्चारय्,1,indecl,no exact MW headword
निश्चारय्,1,verb,no exact MW headword
निश्चितार्थतर,1,noun,no exact MW headword
निषादय्,1,verb,no exact MW headword
निषादी,1,noun,no exact MW headword
निषूदय्,1,verb,no exact MW headword
निष्कॄ,1,part,no exact MW headword
निष्क्रमय्,1,indecl,no exact MW headword
निष्क्रम्य,1,noun,no exact MW headword
निष्क्राम,1,noun,no exact MW headword
निष्क्रामय्,1,verb,no exact MW headword
निष्ठीव्,1,verb,no exact MW headword
निष्पयोद,1,noun,no exact MW headword
निष्पादय्,1,indecl,no exact MW headword
निष्पादय्,1,part,no exact MW headword
निष्प्रतिपत्तिक,1,noun,no exact MW headword
निष्प्रमाण,1,noun,no exact MW headword
निष्षाह्,1,noun,no exact MW headword
निसृ,1,part,no exact MW headword
निस्तम्भ्,1,part,no exact MW headword
निस्तारय्,1,verb,no exact MW headword
निस्तितीर्ष्,1,part,no exact MW headword
निस्तुद्,1,verb,no exact MW headword
निस्तोय,1,noun,no exact MW headword
निह्स्रेयसकर,1,stem,no exact MW headword
नीरशन,1,noun,no exact MW headword
नृशंसतर,1,noun,no exact MW headword
नेजक,1,noun,no exact MW headword
नेनिज्,1,part,no exact MW headword
नेनिज्,1,verb,no exact MW headword
नैःश्रेयसिक,1,noun,no exact MW headword
नैरात्म्य,1,noun,no exact MW headword
नैशिक,1,noun,no exact MW headword
नैष्कृतिकः,1,,no exact MW headword
नैसृष्टिक,1,noun,no exact MW headword
पक्षगम,1,noun,no exact MW headword
पङ्कजनाभ,1,noun,no exact MW headword
पङ्कजिनी,1,noun,no exact MW headword
पङ्कय्,1,verb,no exact MW headword
पञ्चपञ्चाशत्,1,noun,no exact MW headword
पञ्चवृत्तिता,1,noun,no exact MW headword
पटहता,1,noun,no exact MW headword
पटोलिका,1,noun,no exact MW headword
पतयिष्णु,1,noun,no exact MW headword
पतय्,1,part,no exact MW headword
पतय्,1,verb,no exact MW headword
पतरु,1,noun,no exact MW headword
पत्य्,1,verb,no exact MW headword
पद्मकेलि,1,noun,no exact MW headword
पद्मजन्मन्,1,noun,no exact MW headword
पनय्,1,verb,no exact MW headword
पनस्य्,1,verb,no exact MW headword
पनू,1,noun,no exact MW headword
पन्नगाशन,1,noun,no exact MW headword
पयस्क,1,noun,no exact MW headword
पयोमुच्,1,noun,no exact MW headword
पय्,1,verb,no exact MW headword
परक्य,1,noun,no exact MW headword
परतर,1,noun,no exact MW headword
परमत्म,1,stem,no exact MW headword
परस्त्री,1,noun,no exact MW headword
पराद्रु,1,verb,no exact MW headword
परावृत्तक,1,noun,no exact MW headword
परास्,1,part,no exact MW headword
परि_शुष्1,1,part,no exact MW headword
परिकर्मय्,1,verb,no exact MW headword
परिकालय्,1,verb,no exact MW headword
परिक्रुश्,1,indecl,no exact MW headword
परिक्रुश्,1,part,no exact MW headword
परिक्रुश्,1,verb,no exact MW headword
परिक्लम्,1,part,no exact MW headword
परिक्लेशय्,1,part,no exact MW headword
परिक्षेपय्,1,indecl,no exact MW headword
परिखेदय्,1,part,no exact MW headword
परिगणय्,1,part,no exact MW headword
परिगमय्,1,part,no exact MW headword
परिगर्ह्,1,verb,no exact MW headword
परिगवेष्,1,part,no exact MW headword
परिघट्टय्,1,verb,no exact MW headword
परिचारण,1,noun,no exact MW headword
परिचिन्तयन्,1,,no exact MW headword
परिचिन्तय्,1,indecl,no exact MW headword
परिचोदय्,1,verb,no exact MW headword
परिज्वल्,1,part,no exact MW headword
परिणामय्,1,part,no exact MW headword
परिणामय्,1,verb,no exact MW headword
परितर्जय्,1,part,no exact MW headword
परितर्जय्,1,verb,no exact MW headword
परितुण्डय्,1,verb,no exact MW headword
परिदश,1,noun,no exact MW headword
परिदाहय्,1,indecl,no exact MW headword
परिदीव्,1,verb,no exact MW headword
परिधृ,1,part,no exact MW headword
परिनिर्मा,1,part,no exact MW headword
परिनिर्वृ,1,part,no exact MW headword
परिपक्ष,1,noun,no exact MW headword
परिपालय्,1,indecl,no exact MW headword
परिपूजय्,1,verb,no exact MW headword
परिपूरय्,1,verb,no exact MW headword
परिपृच्छन,1,noun,no exact MW headword
परिपोषय्,1,part,no exact MW headword
परिप्रच्छ्,1,indecl,no exact MW headword
परिप्रश्नय्,1,verb,no exact MW headword
परिप्राप्,1,part,no exact MW headword
परिबुध्,1,verb,no exact MW headword
परिभक्षय्,1,part,no exact MW headword
परिभञ्ज्,1,part,no exact MW headword
परिभर्त्सय्,1,indecl,no exact MW headword
परिभर्त्सय्,1,part,no exact MW headword
परिभोगवत्,1,noun,no exact MW headword
परिभोग्य,1,noun,no exact MW headword
परिमाणी,1,noun,no exact MW headword
परिमार्जय्,1,part,no exact MW headword
परिमूर्छय्,1,part,no exact MW headword
परिमोहय्,1,part,no exact MW headword
परिरम्भय्,1,part,no exact MW headword
परिली,1,verb,no exact MW headword
परिलेलिह्,1,part,no exact MW headword
परिवञ्चय्,1,part,no exact MW headword
परिवर्तय्,1,indecl,no exact MW headword
परिवर्धय्,1,part,no exact MW headword
परिवादय्,1,verb,no exact MW headword
परिवासय्,1,part,no exact MW headword
परिविव्रज्,1,verb,no exact MW headword
परिविश्वासय्,1,part,no exact MW headword
परिशमय्,1,part,no exact MW headword
परिशातय्,1,verb,no exact MW headword
परिशृ,1,part,no exact MW headword
परिशोषय्,1,verb,no exact MW headword
परिश्रु,1,part,no exact MW headword
परिसंपत्,1,part,no exact MW headword
परिसंहरण,1,noun,no exact MW headword
परिसंहृष्,1,part,no exact MW headword
परिसाधय्,1,verb,no exact MW headword
परिस्नु,1,verb,no exact MW headword
परिस्पन्द्,1,part,no exact MW headword
परिस्रंस्,1,verb,no exact MW headword
परिहर्षय्,1,part,no exact MW headword
परिहापय्,1,part,no exact MW headword
परीक्षिन्,1,noun,no exact MW headword
परीत्तशुभ,1,noun,no exact MW headword
परीत्ताभ,1,noun,no exact MW headword
परीप्स्,1,part,no exact MW headword
पर्जन्यक,1,noun,no exact MW headword
पर्यनुनी,1,part,no exact MW headword
पर्यवस्थापय्,1,part,no exact MW headword
पर्यवाप्,1,verb,no exact MW headword
पर्याकुलय्,1,verb,no exact MW headword
पर्याक्रम्,1,verb,no exact MW headword
पर्यागम्,1,part,no exact MW headword
पर्युपभुज्,1,verb,no exact MW headword
पर्युपावृत्,1,part,no exact MW headword
पल्लवय्,1,verb,no exact MW headword
पवनतनय,1,noun,no exact MW headword
पव्यय,1,noun,no exact MW headword
पशुरक्षिन्,1,noun,no exact MW headword
पश्चिमोत्तर,1,noun,no exact MW headword
पस्य,1,stem,no exact MW headword
पाक्षिकी,1,noun,no exact MW headword
पाणिग्रहीतृ,1,noun,no exact MW headword
पाणिसंग्रह,1,noun,no exact MW headword
पात्रय्,1,part,no exact MW headword
पादमूलिक,1,noun,no exact MW headword
पादाङ्गुष्ठ,1,noun,no exact MW headword
पायय्,1,indecl,no exact MW headword
पारतल्पिक,1,noun,no exact MW headword
पारलौहित्यक,1,noun,no exact MW headword
पारीक्षिक,1,noun,no exact MW headword
पार्श्वमौलि,1,noun,no exact MW headword
पाविनी,1,noun,no exact MW headword
पाशभृत्,1,noun,no exact MW headword
पाशिक्य,1,noun,no exact MW headword
पाषण्डिन्,1,noun,no exact MW headword
पाषाण्डिन्,1,noun,no exact MW headword
पाष्य,1,noun,no exact MW headword
पिञ्छ,1,noun,no exact MW headword
पिण्डान्वाहार्यक,1,noun,no exact MW headword
पित,1,stem,no exact MW headword
पितृकार्य,1,noun,no exact MW headword
पितृराजन्,1,noun,no exact MW headword
पितृवन,1,noun,no exact MW headword
पितृष्वसृ,1,noun,no exact MW headword
पित्तक,1,noun,no exact MW headword
पिधा,1,verb,no exact MW headword
पिनाकभृत्,1,noun,no exact MW headword
पिपतिष्,1,part,no exact MW headword
पिपास्,1,part,no exact MW headword
पिपीष्,1,verb,no exact MW headword
पिशङ्गय्,1,part,no exact MW headword
पिशिताश,1,noun,no exact MW headword
पिशिताशन,1,noun,no exact MW headword
पिष्टपशु,1,noun,no exact MW headword
पीठसर्पिन्,1,noun,no exact MW headword
पीतसोमपूर्व,1,noun,no exact MW headword
पुजर्ह,1,stem,no exact MW headword
पुण्यतम,1,noun,no exact MW headword
पुण्यप्रसव,1,noun,no exact MW headword
पुत्,1,noun,no exact MW headword
पुरुधा,1,indecl,no exact MW headword
पुरुषादन,1,noun,no exact MW headword
पुरुषोपसृप्तक,1,noun,no exact MW headword
पुलकय्,1,verb,no exact MW headword
पुष्पद,1,noun,no exact MW headword
पुष्पमास,1,noun,no exact MW headword
पुष्पलिपि,1,noun,no exact MW headword
पुष्पशर,1,noun,no exact MW headword
पुष्पास्तरण,1,noun,no exact MW headword
पुष्पाह्वय,1,noun,no exact MW headword
पुष्पोत्कटा,1,noun,no exact MW headword
पूजनीयतम,1,noun,no exact MW headword
पूतिवक्त्रता,1,noun,no exact MW headword
पूरुष,1,noun,no exact MW headword
पूर्णमासी,1,noun,no exact MW headword
पूर्णाश,1,noun,no exact MW headword
पूर्वबुद्धानुस्मृत्यसङ्गाज्ञानालोकालंकार,1,noun,no exact MW headword
पूर्वयोग,1,noun,no exact MW headword
पृक्षुध्,1,noun,no exact MW headword
पृतनाय्,1,part,no exact MW headword
पृतनाषाह्,1,noun,no exact MW headword
पृथग्गण,1,noun,no exact MW headword
पृथिवीचाल,1,noun,no exact MW headword
पृथुपादी,1,noun,no exact MW headword
पृषद्गु,1,noun,no exact MW headword
पेशीकृ,1,indecl,no exact MW headword
पेषय्,1,verb,no exact MW headword
पैतृयज्ञीय,1,noun,no exact MW headword
पोट्टलिका,1,noun,no exact MW headword
पोथय्,1,part,no exact MW headword
पोषय्,1,verb,no exact MW headword
पौत्रवत्,1,noun,no exact MW headword
पौर्वपौरुषिक,1,noun,no exact MW headword
प्र_हन्1,1,part,no exact MW headword
प्रकथय्,1,part,no exact MW headword
प्रकर्मन्,1,noun,no exact MW headword
प्रकाण्डक,1,noun,no exact MW headword
प्रकामय्,1,part,no exact MW headword
प्रकोपय्,1,verb,no exact MW headword
प्रकोविद,1,noun,no exact MW headword
प्रक्रीड्,1,part,no exact MW headword
प्रक्षोभ,1,noun,no exact MW headword
प्रक्￞,1,verb,no exact MW headword
प्रख्यापय्,1,verb,no exact MW headword
प्रगम्,1,part,no exact MW headword
प्रगृ,1,verb,no exact MW headword
प्रघोषय्,1,verb,no exact MW headword
प्रचालय्,1,indecl,no exact MW headword
प्रचिन्तय्,1,verb,no exact MW headword
प्रच्छन्दक,1,noun,no exact MW headword
प्रच्यावय्,1,part,no exact MW headword
प्रजिहासु,1,noun,no exact MW headword
प्रजुष्,1,part,no exact MW headword
प्रज्ञापय्,1,part,no exact MW headword
प्रज्यवद,1,stem,no exact MW headword
प्रज्वालय्,1,part,no exact MW headword
प्रणवक,1,noun,no exact MW headword
प्रणाशय्,1,part,no exact MW headword
प्रणिध्या,1,verb,no exact MW headword
प्रतापक,1,noun,no exact MW headword
प्रतारय्,1,verb,no exact MW headword
प्रतिकामय्,1,verb,no exact MW headword
प्रतिकारिन्,1,noun,no exact MW headword
प्रतिकूज्,1,verb,no exact MW headword
प्रतिकूर्प,1,noun,no exact MW headword
प्रतिकूलय्,1,part,no exact MW headword
प्रतिचिन्तय्,1,verb,no exact MW headword
प्रतिचुम्ब्,1,part,no exact MW headword
प्रतिचोदय्,1,verb,no exact MW headword
प्रतिज्ञापय्,1,part,no exact MW headword
प्रतितर्क,1,noun,no exact MW headword
प्रतितर्कय्,1,part,no exact MW headword
प्रतिताडय्,1,part,no exact MW headword
प्रतित्र्यहम्,1,indecl,no exact MW headword
प्रतिदन्तिन्,1,noun,no exact MW headword
प्रतिदूषय्,1,part,no exact MW headword
प्रतिनद्,1,verb,no exact MW headword
प्रतिनिनद,1,noun,no exact MW headword
प्रतिनियम्,1,part,no exact MW headword
प्रतिनिर्जि,1,part,no exact MW headword
प्रतिनिवारय्,1,verb,no exact MW headword
प्रतिपीडय्,1,verb,no exact MW headword
प्रतिपूजा,1,noun,no exact MW headword
प्रतिपूरुषम्,1,indecl,no exact MW headword
प्रतिपोथय्,1,verb,no exact MW headword
प्रतिप्रविश्,1,indecl,no exact MW headword
प्रतिप्रविश्,1,part,no exact MW headword
प्रतिभयतम,1,noun,no exact MW headword
प्रतिमानय्,1,verb,no exact MW headword
प्रतिमाला,1,noun,no exact MW headword
प्रतिमुहूर्तम्,1,indecl,no exact MW headword
प्रतिमूर्तिक,1,noun,no exact MW headword
प्रतियाच्,1,part,no exact MW headword
प्रतियाच्,1,verb,no exact MW headword
प्रतियुध्,1,part,no exact MW headword
प्रतियोत्स्यामि,1,,no exact MW headword
प्रतिरञ्जय्,1,part,no exact MW headword
प्रतिरागिन्,1,noun,no exact MW headword
प्रतिराजन्,1,noun,no exact MW headword
प्रतिलेपिन्,1,noun,no exact MW headword
प्रतिलोकय्,1,part,no exact MW headword
प्रतिलोभय्,1,verb,no exact MW headword
प्रतिलोमय्,1,verb,no exact MW headword
प्रतिवर्णक,1,noun,no exact MW headword
प्रतिवह,1,noun,no exact MW headword
प्रतिविबुध्,1,indecl,no exact MW headword
प्रतिविबुध्,1,part,no exact MW headword
प्रतिविरम्,1,part,no exact MW headword
प्रतिवेदय्,1,indecl,no exact MW headword
प्रतिव्यूह्,1,verb,no exact MW headword
प्रतिशय्यिका,1,noun,no exact MW headword
प्रतिश्लोक,1,noun,no exact MW headword
प्रतिष्ठि,1,noun,no exact MW headword
प्रतिष्वादय्,1,indecl,no exact MW headword
प्रतिसंछद्,1,part,no exact MW headword
प्रतिसंजन्,1,part,no exact MW headword
प्रतिसंनिवृत्,1,part,no exact MW headword
प्रतिसंबोधय्,1,verb,no exact MW headword
प्रतिसंमुद्,1,part,no exact MW headword
प्रतिसंवित्प्राप्त,1,noun,no exact MW headword
प्रतिसंवेदय्,1,verb,no exact MW headword
प्रतिसंस्था,1,part,no exact MW headword
प्रतिसंहारय्,1,verb,no exact MW headword
प्रतिसंहृष्,1,part,no exact MW headword
प्रतिसंहृष्,1,verb,no exact MW headword
प्रतिसह्,1,verb,no exact MW headword
प्रतिस्वन्,1,verb,no exact MW headword
प्रतिहारक,1,noun,no exact MW headword
प्रतोलिक,1,noun,no exact MW headword
प्रत्यग्निम्,1,indecl,no exact MW headword
प्रत्यनुज्ञा,1,verb,no exact MW headword
प्रत्यनुभाष्,1,indecl,no exact MW headword
प्रत्यनुभाष्,1,part,no exact MW headword
प्रत्यनुयाच्,1,part,no exact MW headword
प्रत्यनुस्मृ,1,part,no exact MW headword
प्रत्यनुस्मृ,1,verb,no exact MW headword
प्रत्यपसर्पण,1,noun,no exact MW headword
प्रत्यपसर्पय्,1,verb,no exact MW headword
प्रत्यभिनन्दन,1,noun,no exact MW headword
प्रत्यभिवादन,1,noun,no exact MW headword
प्रत्यर्दय्,1,verb,no exact MW headword
प्रत्यवपातय्,1,part,no exact MW headword
प्रत्यवरोपय्,1,part,no exact MW headword
प्रत्यवायिक,1,noun,no exact MW headword
प्रत्याकाङ्क्ष्,1,verb,no exact MW headword
प्रत्याचर्,1,part,no exact MW headword
प्रत्याचार्यक,1,noun,no exact MW headword
प्रत्यानय,1,noun,no exact MW headword
प्रत्यापय्,1,verb,no exact MW headword
प्रत्यायुष्य,1,noun,no exact MW headword
प्रत्याव्रज्,1,verb,no exact MW headword
प्रत्यासृ,1,part,no exact MW headword
प्रत्याहन्,1,part,no exact MW headword
प्रत्युत्तृ,1,verb,no exact MW headword
प्रत्युत्था,1,verb,no exact MW headword
प्रत्युदीक्ष्,1,part,no exact MW headword
प्रत्युदीक्ष्,1,verb,no exact MW headword
प्रत्युद्या,1,part,no exact MW headword
प्रत्युपभोग,1,noun,no exact MW headword
प्रत्युपवेशय्,1,indecl,no exact MW headword
प्रत्युपेक्ष्,1,part,no exact MW headword
प्रत्यूषसि,1,indecl,no exact MW headword
प्रदध्मतुः,1,,no exact MW headword
प्रदीपय्,1,verb,no exact MW headword
प्रदीपिक,1,noun,no exact MW headword
प्रदु,1,part,no exact MW headword
प्रदुह्,1,part,no exact MW headword
प्रदुह्,1,verb,no exact MW headword
प्रदूषय्,1,part,no exact MW headword
प्रदूषय्,1,verb,no exact MW headword
प्रधम्,1,verb,no exact MW headword
प्रधारय्,1,part,no exact MW headword
प्रधावनिका,1,noun,no exact MW headword
प्रनर्तय्,1,part,no exact MW headword
प्रपञ्चय्,1,part,no exact MW headword
प्रपञ्चय्,1,verb,no exact MW headword
प्रपलाय्,1,verb,no exact MW headword
प्रपीडय्,1,indecl,no exact MW headword
प्रभ,1,noun,no exact MW headword
प्रभक्षय्,1,verb,no exact MW headword
प्रभावय्,1,part,no exact MW headword
प्रभावय्,1,verb,no exact MW headword
प्रभाषय्,1,part,no exact MW headword
प्रभासय्,1,part,no exact MW headword
प्रभूततर,1,noun,no exact MW headword
प्रभृतिक,1,noun,no exact MW headword
प्रमर्दय्,1,part,no exact MW headword
प्रमाणय्,1,part,no exact MW headword
प्रमाणय्,1,verb,no exact MW headword
प्रमादय्,1,part,no exact MW headword
प्रमापय्,1,indecl,no exact MW headword
प्रमापय्,1,part,no exact MW headword
प्रमार्जय्,1,verb,no exact MW headword
प्रमील,1,noun,no exact MW headword
प्रमील्,1,verb,no exact MW headword
प्रमुख्य,1,noun,no exact MW headword
प्रमोचय्,1,part,no exact MW headword
प्रमोदय्,1,verb,no exact MW headword
प्रम्ला,1,part,no exact MW headword
प्रयाच्,1,verb,no exact MW headword
प्रलिप्,1,part,no exact MW headword
प्रली,1,part,no exact MW headword
प्रलोभय्,1,part,no exact MW headword
प्रवग,1,noun,no exact MW headword
प्रवर्तय्,1,indecl,no exact MW headword
प्रवर्धय्,1,verb,no exact MW headword
प्रवर्ष,1,noun,no exact MW headword
प्रवर्षय्,1,verb,no exact MW headword
प्रवल्ग्,1,part,no exact MW headword
प्रवादय्,1,part,no exact MW headword
प्रवादय्,1,verb,no exact MW headword
प्रवारय्,1,verb,no exact MW headword
प्रवाहसागर,1,noun,no exact MW headword
प्रविकृ,1,part,no exact MW headword
प्रविघाटयितृ,1,noun,no exact MW headword
प्रविचारय्,1,part,no exact MW headword
प्रविचारय्,1,verb,no exact MW headword
प्रविचालय्,1,verb,no exact MW headword
प्रविचि,1,verb,no exact MW headword
प्रविचिन्तय्,1,part,no exact MW headword
प्रविभज्,1,verb,no exact MW headword
प्रविलोकय्,1,part,no exact MW headword
प्रविवह्,1,part,no exact MW headword
प्रविह्वल,1,noun,no exact MW headword
प्रवृत्तिक,1,noun,no exact MW headword
प्रवृष्,1,part,no exact MW headword
प्रवे,1,part,no exact MW headword
प्रवेदय्,1,part,no exact MW headword
प्रवेदय्,1,verb,no exact MW headword
प्रवेष्टय्,1,part,no exact MW headword
प्रवेष्टु,1,noun,no exact MW headword
प्रव्यथय्,1,part,no exact MW headword
प्रव्यथय्,1,verb,no exact MW headword
प्रव्राजय्,1,verb,no exact MW headword
प्रशान्तचारित्रमति,1,noun,no exact MW headword
प्रशामय्,1,part,no exact MW headword
प्रशुच्,1,verb,no exact MW headword
प्रशोधय्,1,part,no exact MW headword
प्रशोभय्,1,verb,no exact MW headword
प्रसञ्जय्,1,indecl,no exact MW headword
प्रसिद्,1,stem,no exact MW headword
प्रस्कन्ध,1,noun,no exact MW headword
प्रस्खल्,1,verb,no exact MW headword
प्रस्तीन,1,noun,no exact MW headword
प्रस्थाल,1,noun,no exact MW headword
प्रस्नापय्,1,verb,no exact MW headword
प्रस्पन्द्,1,part,no exact MW headword
प्रस्रम्भ्,1,part,no exact MW headword
प्रस्वापय्,1,indecl,no exact MW headword
प्रहर्षिन्,1,noun,no exact MW headword
प्रहिंस्,1,verb,no exact MW headword
प्रह्लादः,1,,no exact MW headword
प्रह्लादय्,1,verb,no exact MW headword
प्रह्लाद्,1,verb,no exact MW headword
प्रह्वीकृ,1,part,no exact MW headword
प्राकामिन्,1,noun,no exact MW headword
प्राक्रुश्,1,indecl,no exact MW headword
प्राजीविक,1,noun,no exact MW headword
प्राज्ञंमन्य,1,noun,no exact MW headword
प्रादुरस्,1,verb,no exact MW headword
प्रादोषिक,1,noun,no exact MW headword
प्रापाविक,1,noun,no exact MW headword
प्राभवत्य,1,noun,no exact MW headword
प्रायोपविशन,1,noun,no exact MW headword
प्रार्जय्,1,part,no exact MW headword
प्रार्थय्,1,indecl,no exact MW headword
प्रावर्तिम,1,noun,no exact MW headword
प्राशय्,1,verb,no exact MW headword
प्रीणय्,1,indecl,no exact MW headword
प्रेङ्खोलितक,1,noun,no exact MW headword
प्रेङ्ख्,1,part,no exact MW headword
प्रेणि,1,noun,no exact MW headword
प्रेषयितृ,1,noun,no exact MW headword
प्रोच्चारय्,1,part,no exact MW headword
प्रोत्सादय्,1,indecl,no exact MW headword
प्रोत्साहय्,1,part,no exact MW headword
प्रोत्साहय्,1,verb,no exact MW headword
प्रोष्ठपद,1,noun,no exact MW headword
प्लावय्,1,indecl,no exact MW headword
प्लावितृ,1,noun,no exact MW headword
प्लीहा,1,noun,no exact MW headword
फक्क,1,noun,no exact MW headword
फलीनी,1,noun,no exact MW headword
फूत्कृ,1,indecl,no exact MW headword
बकव्रतिक,1,noun,no exact MW headword
बकव्रतिन्,1,noun,no exact MW headword
बक्कुल,1,noun,no exact MW headword
बद्बध्,1,part,no exact MW headword
बन्धुजीवक,1,noun,no exact MW headword
बलवन्त्,1,noun,no exact MW headword
बलिभोज,1,noun,no exact MW headword
बलिभोजन,1,noun,no exact MW headword
बल्वज,1,noun,no exact MW headword
बवसम्सुद्दि,1,stem,no exact MW headword
बस्रि,1,indecl,no exact MW headword
बहुदोषतर,1,noun,no exact MW headword
बहुपादिका,1,noun,no exact MW headword
बाणधि,1,noun,no exact MW headword
बाधितु,1,noun,no exact MW headword
बाहिर,1,noun,no exact MW headword
बाहुमान्य,1,noun,no exact MW headword
बाह्य-स्पर्श,1,noun,no exact MW headword
बाह्लवेय,1,noun,no exact MW headword
बाह्लीश्वर,1,noun,no exact MW headword
बिसखादिका,1,noun,no exact MW headword
बुत,1,stem,no exact MW headword
बुतगर,1,stem,no exact MW headword
बुद्दि,1,stem,no exact MW headword
बुद्दियोग,1,stem,no exact MW headword
बुभुत्सित,1,noun,no exact MW headword
बुभूष्,1,part,no exact MW headword
बुभूष्,1,verb,no exact MW headword
बृंह्,1,verb,no exact MW headword
बोल्लन,1,noun,no exact MW headword
ब्रह्मग्न,1,stem,no exact MW headword
ब्रह्मपार्षद्य,1,noun,no exact MW headword
ब्रह्मबुवन,1,stem,no exact MW headword
ब्रह्ममाल,1,noun,no exact MW headword
ब्रह्मसुत्र,1,stem,no exact MW headword
भक्तिच्छेद,1,noun,no exact MW headword
भग्नधन्वन्,1,noun,no exact MW headword
भञ्जनी,1,noun,no exact MW headword
भन्द्,1,part,no exact MW headword
भर्तु,1,noun,no exact MW headword
भर्तृलोक,1,noun,no exact MW headword
भर्त्सय्,1,verb,no exact MW headword
भर्त्सापय्,1,verb,no exact MW headword
भस्मीकृ,1,indecl,no exact MW headword
भस्मीभू,1,verb,no exact MW headword
भाजनीभू,1,part,no exact MW headword
भायय्,1,verb,no exact MW headword
भावयन्तः,1,,no exact MW headword
भावय्,1,indecl,no exact MW headword
भाषय्,1,part,no exact MW headword
भाषितु,1,noun,no exact MW headword
भासकर्ण,1,noun,no exact MW headword
भासय्,1,verb,no exact MW headword
भीमपूर्वज,1,noun,no exact MW headword
भुग्नक,1,noun,no exact MW headword
भुजंगभुज्,1,noun,no exact MW headword
भुरण्य्,1,part,no exact MW headword
भुरण्य्,1,verb,no exact MW headword
भुर्,1,part,no exact MW headword
भुव्1,1,part,no exact MW headword
भूज,1,noun,no exact MW headword
भूमिचलन,1,noun,no exact MW headword
भूषय्,1,indecl,no exact MW headword
भृशतर,1,noun,no exact MW headword
भृशाय्,1,verb,no exact MW headword
भेरिका,1,noun,no exact MW headword
भ्रंशय्,1,part,no exact MW headword
भ्रंशय्,1,verb,no exact MW headword
मज्जय्,1,part,no exact MW headword
मज्जय्,1,verb,no exact MW headword
मणिमन्तक,1,noun,no exact MW headword
मणिमन्त्,1,noun,no exact MW headword
मण्डनक,1,noun,no exact MW headword
मण्डलय्,1,part,no exact MW headword
मण्डलिक,1,noun,no exact MW headword
मण्डलीकृ,1,part,no exact MW headword
मत्क,1,stem,no exact MW headword
मत्रस्पर्स,1,stem,no exact MW headword
मत्सम्स्त,1,stem,no exact MW headword
मत्स्यघात,1,noun,no exact MW headword
मथाय्,1,verb,no exact MW headword
मधुरतर,1,noun,no exact MW headword
मधुरवेणु,1,noun,no exact MW headword
मधुश्च्युत्,1,noun,no exact MW headword
मध्यमाङ्गुलि,1,noun,no exact MW headword
मध्यरात्र,1,noun,no exact MW headword
मनव,1,stem,no exact MW headword
मनोग्राहिन्,1,noun,no exact MW headword
मन्त्रपाल,1,noun,no exact MW headword
मन्दपाल,1,noun,no exact MW headword
मन्दय्,1,part,no exact MW headword
मन्दाय्,1,verb,no exact MW headword
मन्दि,1,noun,no exact MW headword
मन्दु,1,noun,no exact MW headword
मम,1,stem,no exact MW headword
ममाय्,1,part,no exact MW headword
मयूरग्रीव,1,noun,no exact MW headword
मरुत्पति,1,noun,no exact MW headword
मर्जय्,1,part,no exact MW headword
मर्जय्,1,verb,no exact MW headword
मर्दय्,1,verb,no exact MW headword
मर्मृश्,1,verb,no exact MW headword
मलिनतर,1,noun,no exact MW headword
मलिनय्,1,verb,no exact MW headword
महत्तरिक,1,noun,no exact MW headword
महबुत,1,stem,no exact MW headword
महाकरुणाचन्द्रि,1,noun,no exact MW headword
महाकुलीन,1,noun,no exact MW headword
महात्मिक,1,noun,no exact MW headword
महाप्रस्थान,1,noun,no exact MW headword
महाबिसी,1,noun,no exact MW headword
महारोहि,1,noun,no exact MW headword
महावेदि,1,noun,no exact MW headword
महाव्यूह,1,noun,no exact MW headword
महाश्रावक,1,noun,no exact MW headword
महासिंहतेजस्,1,noun,no exact MW headword
महिमा,1,noun,no exact MW headword
महीभर्तृ,1,noun,no exact MW headword
महीमय,1,noun,no exact MW headword
महीश्वर,1,noun,no exact MW headword
महीसुर,1,noun,no exact MW headword
मांसभेत्तृ,1,noun,no exact MW headword
माचिरेण,1,indecl,no exact MW headword
माञ्जिष्ठक,1,noun,no exact MW headword
मातामही,1,noun,no exact MW headword
मातृगन्धिनी,1,noun,no exact MW headword
मात्रक,1,noun,no exact MW headword
मादयिष्णु,1,noun,no exact MW headword
मानयोग,1,noun,no exact MW headword
मानवस्य्,1,part,no exact MW headword
मायूरक,1,noun,no exact MW headword
मारपुत्रब्रह्मन्,1,noun,no exact MW headword
मार्गय्,1,verb,no exact MW headword
मार्जय्,1,verb,no exact MW headword
मार्जारक,1,noun,no exact MW headword
मार्दङ्गिक,1,noun,no exact MW headword
मालुका,1,noun,no exact MW headword
मासानुमासिक,1,noun,no exact MW headword
मासाहार,1,noun,no exact MW headword
मिथुस्,1,indecl,no exact MW headword
मिश्रका,1,noun,no exact MW headword
मीमांसय्,1,verb,no exact MW headword
मीमांस्,1,verb,no exact MW headword
मीलय्,1,indecl,no exact MW headword
मुकुलय्,1,part,no exact MW headword
मुखरय्,1,verb,no exact MW headword
मुखरीकृ,1,verb,no exact MW headword
मुमूर्ष्,1,part,no exact MW headword
मुमूर्ष्,1,verb,no exact MW headword
मुषुण्ढी,1,noun,no exact MW headword
मूत्रक,1,noun,no exact MW headword
मूर्छय्,1,indecl,no exact MW headword
मूलखानक,1,noun,no exact MW headword
मूलाट,1,noun,no exact MW headword
मूलाटी,1,noun,no exact MW headword
मृगतृष्णिका,1,noun,no exact MW headword
मृजीकृ,1,part,no exact MW headword
मृडय्,1,part,no exact MW headword
मृणालिनी,1,noun,no exact MW headword
मृतप,1,noun,no exact MW headword
मृदुतर,1,noun,no exact MW headword
मृषावाद,1,noun,no exact MW headword
मेघवन्त्,1,noun,no exact MW headword
मेम्य्,1,part,no exact MW headword
मेलक,1,noun,no exact MW headword
मोक्ष्1_णिच्,1,part,no exact MW headword
मोघीकृ,1,part,no exact MW headword
मोदय्,1,part,no exact MW headword
मौर्वीक,1,noun,no exact MW headword
यंयम्,1,verb,no exact MW headword
यक्ष्,1,verb,no exact MW headword
यज्ञपुरुष,1,noun,no exact MW headword
यज्ञशत्रु,1,noun,no exact MW headword
यज्यर्त,1,stem,no exact MW headword
यथर्तु,1,indecl,no exact MW headword
यथाज्ञप्ति,1,indecl,no exact MW headword
यथातथ्य,1,noun,no exact MW headword
यथादेशम्,1,indecl,no exact MW headword
यथापण्यम्,1,indecl,no exact MW headword
यथाप्रतिज्ञम्,1,indecl,no exact MW headword
यथाप्रत्यर्ह,1,noun,no exact MW headword
यथाप्राणेन,1,indecl,no exact MW headword
यथाबुद्धि,1,indecl,no exact MW headword
यथामनीषितम्,1,indecl,no exact MW headword
यथावसरम्,1,indecl,no exact MW headword
यथाश्रमम्,1,indecl,no exact MW headword
यदुनन्दन,1,noun,no exact MW headword
यन्त्रिका,1,noun,no exact MW headword
यमय्,1,verb,no exact MW headword
यवगोधूमवत्,1,noun,no exact MW headword
यवय्,1,verb,no exact MW headword
यवाद्,1,noun,no exact MW headword
याजय्,1,indecl,no exact MW headword
यापय्,1,verb,no exact MW headword
यावय्,1,part,no exact MW headword
यियास्,1,verb,no exact MW headword
युक्तता,1,noun,no exact MW headword
युयुत्स्,1,verb,no exact MW headword
युयूष्,1,verb,no exact MW headword
युवत्,1,noun,no exact MW headword
युवायु,1,noun,no exact MW headword
यूपोच्छ्रय,1,noun,no exact MW headword
यूषन्,1,noun,no exact MW headword
योग-सन्न्यस्त-कर्मन्,1,noun,no exact MW headword
योगपथ,1,noun,no exact MW headword
योगय,1,stem,no exact MW headword
योगरुड,1,stem,no exact MW headword
योगवित्तम,1,noun,no exact MW headword
योग्यतम,1,noun,no exact MW headword
योद्धु-काम,1,noun,no exact MW headword
योयु,1,verb,no exact MW headword
रंहय्,1,part,no exact MW headword
रगद्वेष,1,stem,no exact MW headword
रज्जुवाल,1,noun,no exact MW headword
रणय्,1,part,no exact MW headword
रणय्,1,verb,no exact MW headword
रणान्तकृत्,1,noun,no exact MW headword
रत्नकीर्ति,1,noun,no exact MW headword
रथकुटुम्बिन्,1,noun,no exact MW headword
रथीय्,1,part,no exact MW headword
रथोपस्थ,1,noun,no exact MW headword
रन्,1,noun,no exact MW headword
रन्धनाय्,1,verb,no exact MW headword
रन्ध्रय्,1,verb,no exact MW headword
रभ्यस्,1,noun,no exact MW headword
रमण्य,1,noun,no exact MW headword
रम्यतर,1,noun,no exact MW headword
राक्षसता,1,noun,no exact MW headword
रागायात,1,noun,no exact MW headword
राजाय्,1,verb,no exact MW headword
रात्रिंचर,1,noun,no exact MW headword
राधय्,1,verb,no exact MW headword
रामय्,1,verb,no exact MW headword
रामेक्षण,1,noun,no exact MW headword
रावय्,1,part,no exact MW headword
राशीभू,1,verb,no exact MW headword
रास्पिन,1,noun,no exact MW headword
रिषण्य्,1,part,no exact MW headword
रुजाना,1,noun,no exact MW headword
रूपाय्,1,verb,no exact MW headword
रूप्यक,1,noun,no exact MW headword
रेरिह्,1,part,no exact MW headword
रेषय्,1,part,no exact MW headword
रेषय्,1,verb,no exact MW headword
रोमराजी,1,noun,no exact MW headword
रोमविभेद,1,noun,no exact MW headword
रोमहर्ष,1,stem,no exact MW headword
रोमा,1,noun,no exact MW headword
रोमाञ्च्,1,verb,no exact MW headword
रोषय्,1,verb,no exact MW headword
रोहय्,1,verb,no exact MW headword
लकुच,1,noun,no exact MW headword
लक्ष्मीक,1,noun,no exact MW headword
लघुपतन,1,noun,no exact MW headword
लङ्घनी,1,noun,no exact MW headword
लतागृह,1,noun,no exact MW headword
लम्भ,1,noun,no exact MW headword
लालप्य्,1,verb,no exact MW headword
लालसीभू,1,part,no exact MW headword
लासय्,1,verb,no exact MW headword
लिन्ग्,1,stem,no exact MW headword
लिलङ्घयिषु,1,noun,no exact MW headword
लेखय्,1,indecl,no exact MW headword
लेखय्,1,part,no exact MW headword
लेलिह्यसे,1,,no exact MW headword
लेशशः,1,indecl,no exact MW headword
लेहय्,1,part,no exact MW headword
लोकाभिलाषित,1,noun,no exact MW headword
लोकिक,1,noun,no exact MW headword
लोपय्,1,part,no exact MW headword
लोपय्,1,verb,no exact MW headword
लोलय्,1,verb,no exact MW headword
लोहदारक,1,noun,no exact MW headword
लोहमुख,1,noun,no exact MW headword
लोहिताय्,1,part,no exact MW headword
वंशवत्,1,noun,no exact MW headword
वक्वन्,1,noun,no exact MW headword
वक्षोज,1,noun,no exact MW headword
वचस्य्,1,verb,no exact MW headword
वज्रपाणि,1,noun,no exact MW headword
वज्रवत्,1,noun,no exact MW headword
वज्रसंहत,1,noun,no exact MW headword
वज्रहनु,1,noun,no exact MW headword
वज्रहस्त,1,noun,no exact MW headword
वञ्चुलक,1,noun,no exact MW headword
वडवानल,1,noun,no exact MW headword
वडवामुख,1,noun,no exact MW headword
वतंसक,1,noun,no exact MW headword
वध्यता,1,noun,no exact MW headword
वध्यभूमि,1,noun,no exact MW headword
वनुष्य्,1,part,no exact MW headword
वयस्यता,1,noun,no exact MW headword
वयुह्व,1,noun,no exact MW headword
वरिमन्त्,1,noun,no exact MW headword
वरीवर्,1,part,no exact MW headword
वरुणानी,1,noun,no exact MW headword
वर्गिक,1,noun,no exact MW headword
वर्षय्,1,part,no exact MW headword
वर्षय्,1,verb,no exact MW headword
वलय्,1,part,no exact MW headword
वशंगत,1,noun,no exact MW headword
वशीकृ,1,verb,no exact MW headword
वशीभू,1,part,no exact MW headword
वषट्कृ,1,part,no exact MW headword
वसन्तगन्धि,1,noun,no exact MW headword
वस्त्रगोपन,1,noun,no exact MW headword
वागसि,1,noun,no exact MW headword
वाघन्त्,1,noun,no exact MW headword
वाजपेयिक,1,noun,no exact MW headword
वाजय्,1,verb,no exact MW headword
वाजि,1,noun,no exact MW headword
वातय्,1,verb,no exact MW headword
वातस्कन्ध,1,noun,no exact MW headword
वानरराज,1,noun,no exact MW headword
वानरीकृ,1,part,no exact MW headword
वामोरू,1,noun,no exact MW headword
वार्कार्य,1,noun,no exact MW headword
वार्ध्रीणस,1,noun,no exact MW headword
वार्षागिर,1,noun,no exact MW headword
वालूका,1,noun,no exact MW headword
वाशय्,1,verb,no exact MW headword
वासितक,1,noun,no exact MW headword
वाहय्,1,indecl,no exact MW headword
वाहीक,1,noun,no exact MW headword
वि_अति_तॄ1,1,part,no exact MW headword
विंशतिम,1,noun,no exact MW headword
विंशद्भुज,1,noun,no exact MW headword
विकचीकृ,1,verb,no exact MW headword
विकर्तय्,1,verb,no exact MW headword
विकर्शन,1,noun,no exact MW headword
विकलतर,1,noun,no exact MW headword
विकलीकृ,1,part,no exact MW headword
विकल्पय्,1,part,no exact MW headword
विकार्मुक,1,noun,no exact MW headword
विकुब्ज,1,noun,no exact MW headword
विकूज्,1,part,no exact MW headword
विकृष्टतर,1,noun,no exact MW headword
विक्रमवत्,1,noun,no exact MW headword
विक्रिय,1,noun,no exact MW headword
विक्रीत,1,noun,no exact MW headword
विख्यापय्,1,indecl,no exact MW headword
विगणय्,1,verb,no exact MW headword
विगतबि,1,stem,no exact MW headword
विगर्हिन्,1,noun,no exact MW headword
विगर्ह्,1,indecl,no exact MW headword
विगुह्,1,part,no exact MW headword
विघूर्ण्,1,verb,no exact MW headword
विघ्नय्,1,verb,no exact MW headword
विचालय्,1,part,no exact MW headword
विचालय्,1,verb,no exact MW headword
विचिकीर्ष्,1,verb,no exact MW headword
विचिह्नय्,1,part,no exact MW headword
विजनय्,1,verb,no exact MW headword
विजनीकृ,1,part,no exact MW headword
विजिगीष्,1,verb,no exact MW headword
विजृ,1,part,no exact MW headword
विज्वल्,1,verb,no exact MW headword
वितर्दन,1,noun,no exact MW headword
विताडय्,1,verb,no exact MW headword
वित्तागम,1,noun,no exact MW headword
वित्तेश्वर,1,noun,no exact MW headword
वित्रासय्,1,verb,no exact MW headword
विदंश्,1,part,no exact MW headword
विदर्शना,1,noun,no exact MW headword
विदीपय्,1,part,no exact MW headword
विदीपय्,1,verb,no exact MW headword
विद्1,1,part,no exact MW headword
विद्युत्पताक,1,noun,no exact MW headword
विद्योतय्,1,verb,no exact MW headword
विधातृक,1,noun,no exact MW headword
विधारय्,1,part,no exact MW headword
विधित्स्,1,part,no exact MW headword
विधुरय्,1,verb,no exact MW headword
विधूनय्,1,verb,no exact MW headword
विनमय्,1,part,no exact MW headword
विनयिन्,1,noun,no exact MW headword
विनर्द्,1,indecl,no exact MW headword
विनस्य,1,stem,no exact MW headword
विनासिक,1,noun,no exact MW headword
विनिःश्वास,1,noun,no exact MW headword
विनिकर्तय्,1,part,no exact MW headword
विनिकृ,1,indecl,no exact MW headword
विनिकृ,1,verb,no exact MW headword
विनिकृत्,1,part,no exact MW headword
विनिध्वंस्,1,verb,no exact MW headword
विनिन्द्,1,part,no exact MW headword
विनिन्द्,1,verb,no exact MW headword
विनिपद्,1,part,no exact MW headword
विनिमीलय्,1,part,no exact MW headword
विनियोजय्,1,part,no exact MW headword
विनिर्दह्,1,indecl,no exact MW headword
विनिर्दह्,1,verb,no exact MW headword
विनिर्या,1,part,no exact MW headword
विनिर्वृत्,1,part,no exact MW headword
विनिवर्तय्,1,indecl,no exact MW headword
विनिवेशय्,1,verb,no exact MW headword
विनिष्कृत्,1,part,no exact MW headword
विनिष्कृष्,1,indecl,no exact MW headword
विनिष्क्रम्,1,verb,no exact MW headword
विनिष्यन्द,1,noun,no exact MW headword
विनिस्तृ,1,part,no exact MW headword
विनिस्रु,1,part,no exact MW headword
विनिहन्,1,verb,no exact MW headword
विपन्यया,1,indecl,no exact MW headword
विपरिकृष्,1,verb,no exact MW headword
विपरिवर्तिन्,1,noun,no exact MW headword
विपरिश्रम्,1,part,no exact MW headword
विपश्यिन्,1,noun,no exact MW headword
विपिनाय्,1,verb,no exact MW headword
विपेषय्,1,verb,no exact MW headword
विपोथय्,1,part,no exact MW headword
विप्रकाश्,1,verb,no exact MW headword
विप्रच्छ्,1,verb,no exact MW headword
विप्रणाश,1,noun,no exact MW headword
विप्रणाशय्,1,part,no exact MW headword
विप्रतिज्ञा,1,verb,no exact MW headword
विप्रत्यय,1,noun,no exact MW headword
विप्रबुध्,1,part,no exact MW headword
विप्रवाद,1,noun,no exact MW headword
विप्रवासय्,1,verb,no exact MW headword
विप्रसद्,1,part,no exact MW headword
विप्रसृ,1,verb,no exact MW headword
विप्रहा,1,part,no exact MW headword
विप्लावय्,1,indecl,no exact MW headword
विबु,1,stem,no exact MW headword
विबुति,1,stem,no exact MW headword
विबोधक,1,noun,no exact MW headword
विबोधयितृ,1,noun,no exact MW headword
विभागशः,1,indecl,no exact MW headword
विभीषय्,1,part,no exact MW headword
विभूषय्,1,verb,no exact MW headword
विमर्शय्,1,part,no exact MW headword
विमार्ग्,1,verb,no exact MW headword
विमाष,1,noun,no exact MW headword
विमिश्रय्,1,part,no exact MW headword
विमुखय्,1,part,no exact MW headword
विमुड,1,stem,no exact MW headword
विमुण्ड,1,noun,no exact MW headword
विमूर्छ्,1,part,no exact MW headword
विमृष्,1,part,no exact MW headword
विमृष्,1,verb,no exact MW headword
विमृस्,1,stem,no exact MW headword
विमोचय्,1,part,no exact MW headword
विमोहयति,1,,no exact MW headword
वियन्त्,1,noun,no exact MW headword
वियोजय्,1,indecl,no exact MW headword
विरचय्,1,indecl,no exact MW headword
विरमय्,1,verb,no exact MW headword
विरहीकृ,1,part,no exact MW headword
विरह्,1,part,no exact MW headword
विराजय्,1,part,no exact MW headword
विराजय्,1,verb,no exact MW headword
विरावय्,1,verb,no exact MW headword
विरुक्मन्त्,1,noun,no exact MW headword
विरुज,1,noun,no exact MW headword
विरूपाक्षतर,1,noun,no exact MW headword
विलक्षय्,1,indecl,no exact MW headword
विलङ्घय्,1,verb,no exact MW headword
विलज्ज,1,noun,no exact MW headword
विलज्ज्,1,part,no exact MW headword
विलवण,1,noun,no exact MW headword
विलोभय्,1,indecl,no exact MW headword
विलोभिन्,1,noun,no exact MW headword
विवक्ष्,1,verb,no exact MW headword
विवर्तय्,1,verb,no exact MW headword
विवर्धय्,1,indecl,no exact MW headword
विवर्धिष्णु,1,noun,no exact MW headword
विवा,1,part,no exact MW headword
विवित्स्,1,part,no exact MW headword
विवीर,1,noun,no exact MW headword
विवृष्,1,part,no exact MW headword
विशस्त्र,1,noun,no exact MW headword
विशेषय्,1,verb,no exact MW headword
विशोधय्,1,indecl,no exact MW headword
विशोधय्,1,verb,no exact MW headword
विश्रम्भय्,1,part,no exact MW headword
विश्राणन,1,noun,no exact MW headword
विश्राणय्,1,verb,no exact MW headword
विश्रान्ततर,1,noun,no exact MW headword
विश्री,1,verb,no exact MW headword
विश्लेषय्,1,part,no exact MW headword
विश्लेषय्,1,verb,no exact MW headword
विश्वाचि,1,noun,no exact MW headword
विश्वासघातिन्,1,noun,no exact MW headword
विश्वासय्,1,verb,no exact MW headword
विषण्णतर,1,noun,no exact MW headword
विषाय्,1,verb,no exact MW headword
विषीदन्,1,,no exact MW headword
विषुवन्त्,1,noun,no exact MW headword
विष्टम्भय्,1,indecl,no exact MW headword
विष्पुलिङ्गक,1,noun,no exact MW headword
विसंयुज्,1,part,no exact MW headword
विसारय्,1,indecl,no exact MW headword
विस्तारय्,1,part,no exact MW headword
विस्तीर्णभेद,1,noun,no exact MW headword
विस्पृध्,1,part,no exact MW headword
विस्मापय्,1,part,no exact MW headword
विस्मापय्,1,verb,no exact MW headword
विहायसंगम,1,noun,no exact MW headword
विहाल,1,noun,no exact MW headword
विहिंसा,1,noun,no exact MW headword
विहेठय्,1,verb,no exact MW headword
विह्वलीभू,1,part,no exact MW headword
वीक्षिकी,1,noun,no exact MW headword
वीजय्,1,part,no exact MW headword
वीणिका,1,noun,no exact MW headword
वीरपान,1,noun,no exact MW headword
वीरय्,1,verb,no exact MW headword
वीर्यवत्तर,1,noun,no exact MW headword
वृक्क,1,noun,no exact MW headword
वृश्चन,1,noun,no exact MW headword
वृषभषोडशा,1,noun,no exact MW headword
वृषभैकसहस्रा,1,noun,no exact MW headword
वृषाघात,1,noun,no exact MW headword
वेगदर्शन,1,noun,no exact MW headword
वेदन्त,1,stem,no exact MW headword
वेदयज्य,1,stem,no exact MW headword
वेदिमत्,1,noun,no exact MW headword
वेद्या,1,noun,no exact MW headword
वेपय्,1,verb,no exact MW headword
वेविज्,1,verb,no exact MW headword
वेविद्,1,part,no exact MW headword
वेष्टय्,1,verb,no exact MW headword
वैकल्यता,1,noun,no exact MW headword
वैधर्मक,1,noun,no exact MW headword
वैपञ्चक,1,noun,no exact MW headword
वैराय्,1,verb,no exact MW headword
व्यञ्जय्,1,verb,no exact MW headword
व्यत,1,stem,no exact MW headword
व्यतिवर्तन,1,noun,no exact MW headword
व्यतिवेष्ट्,1,part,no exact MW headword
व्यतिषञ्जय्,1,verb,no exact MW headword
व्यथय्,1,verb,no exact MW headword
व्यथ्1_णिच्,1,part,no exact MW headword
व्यनुनादयन्,1,,no exact MW headword
व्यपक्रम्,1,verb,no exact MW headword
व्यपत्रप,1,noun,no exact MW headword
व्यपमृष्,1,part,no exact MW headword
व्यपरोपय्,1,part,no exact MW headword
व्यपसृप्,1,verb,no exact MW headword
व्यपेक्ष,1,noun,no exact MW headword
व्यभिचारय्,1,verb,no exact MW headword
व्यलंकृ,1,verb,no exact MW headword
व्यवकृ,1,part,no exact MW headword
व्यवदृ,1,part,no exact MW headword
व्यवधूनय्,1,verb,no exact MW headword
व्यवभास्,1,part,no exact MW headword
व्यवरोपण,1,noun,no exact MW headword
व्यवरोपय्,1,verb,no exact MW headword
व्यवसायय्,1,verb,no exact MW headword
व्यवहारिक,1,noun,no exact MW headword
व्यवेक्ष्,1,part,no exact MW headword
व्यस,1,stem,no exact MW headword
व्याकुलीभू,1,part,no exact MW headword
व्याघातयितु,1,noun,no exact MW headword
व्याघ्रावस्कन्दन,1,noun,no exact MW headword
व्याचर्,1,part,no exact MW headword
व्यादा,1,verb,no exact MW headword
व्याधू,1,verb,no exact MW headword
व्यापारय्,1,part,no exact MW headword
व्याबाध्,1,verb,no exact MW headword
व्यामिश्रय्,1,part,no exact MW headword
व्यामोहय्,1,part,no exact MW headword
व्याव्यध्,1,part,no exact MW headword
व्यूहीकृ,1,part,no exact MW headword
व्रजकुली,1,noun,no exact MW headword
व्रिश्,1,noun,no exact MW headword
व्रीड,1,noun,no exact MW headword
शकलीकृ,1,part,no exact MW headword
शकलीभू,1,verb,no exact MW headword
शकुलीकृ,1,part,no exact MW headword
शक्रधनुस्,1,noun,no exact MW headword
शक्रायुध,1,noun,no exact MW headword
शङ्कितक,1,noun,no exact MW headword
शतगुण,1,noun,no exact MW headword
शतधा,1,indecl,no exact MW headword
शतयज्वन्,1,noun,no exact MW headword
शतवक्त्र,1,noun,no exact MW headword
शतसहस्र,1,noun,no exact MW headword
शतसहस्रव्यूह,1,noun,no exact MW headword
शतामघ,1,noun,no exact MW headword
शतार्ध,1,noun,no exact MW headword
शब्दय्,1,verb,no exact MW headword
शब्दाय्,1,verb,no exact MW headword
शमय्,1,indecl,no exact MW headword
शम्यापात,1,noun,no exact MW headword
शम्याप्रास,1,noun,no exact MW headword
शरधि,1,noun,no exact MW headword
शर्यणावन्त्,1,noun,no exact MW headword
शल्यकृन्त,1,noun,no exact MW headword
शविष्ठ,1,noun,no exact MW headword
शशलाञ्छन,1,noun,no exact MW headword
शाटिका,1,noun,no exact MW headword
शाटी,1,noun,no exact MW headword
शातय्,1,part,no exact MW headword
शापय्,1,indecl,no exact MW headword
शापय्,1,verb,no exact MW headword
शामय्,1,verb,no exact MW headword
शाल्वेय,1,noun,no exact MW headword
शिंशुमारक,1,noun,no exact MW headword
शिखावन्त्,1,noun,no exact MW headword
शिञ्ज्,1,verb,no exact MW headword
शिथिलाय्,1,verb,no exact MW headword
शिरस्त्राण,1,noun,no exact MW headword
शिरोधर,1,noun,no exact MW headword
शिल्पवन्त्,1,noun,no exact MW headword
शीघ्रहस्ततर,1,noun,no exact MW headword
शीतमयूख,1,noun,no exact MW headword
शीतरुचि,1,noun,no exact MW headword
शीतीकृ,1,indecl,no exact MW headword
शीर्षवत्,1,noun,no exact MW headword
शीलय्,1,indecl,no exact MW headword
शुकनाभ,1,noun,no exact MW headword
शुक्लेतर,1,noun,no exact MW headword
शुद्धान्तःपुर,1,noun,no exact MW headword
शुभय्,1,verb,no exact MW headword
शुश्रूष्,1,indecl,no exact MW headword
शुष्1_णिच्,1,part,no exact MW headword
शूरसेनक,1,noun,no exact MW headword
शूलचितक,1,noun,no exact MW headword
शैलराज्,1,noun,no exact MW headword
शैलवर,1,noun,no exact MW headword
शोचय्,1,verb,no exact MW headword
शोधय्,1,indecl,no exact MW headword
श्नथय्,1,part,no exact MW headword
श्मश्रुवर्धक,1,noun,no exact MW headword
श्यामीकृ,1,indecl,no exact MW headword
श्रथाय्,1,verb,no exact MW headword
श्रुणु,1,,no exact MW headword
श्लाघनक,1,noun,no exact MW headword
श्लाघय्,1,verb,no exact MW headword
श्लेषय्,1,verb,no exact MW headword
श्लेष्मातक,1,noun,no exact MW headword
श्वदंष्ट्र,1,noun,no exact MW headword
श्वपच्,1,noun,no exact MW headword
श्वश्रूका,1,noun,no exact MW headword
श्वसीवस्,1,noun,no exact MW headword
श्वितीचि,1,noun,no exact MW headword
श्वित्न्य,1,noun,no exact MW headword
श्वेतना,1,noun,no exact MW headword
षण्णवति,1,noun,no exact MW headword
षष्टिशत,1,noun,no exact MW headword
ष्ठीव्,1,part,no exact MW headword
संकथय्,1,part,no exact MW headword
संकल्पय्,1,part,no exact MW headword
संकल्पय्,1,verb,no exact MW headword
संकारिका,1,noun,no exact MW headword
संकालय्,1,indecl,no exact MW headword
संकीर्तय्,1,verb,no exact MW headword
संकुसुक,1,noun,no exact MW headword
संक्रान्तक,1,noun,no exact MW headword
संक्रुद्धतर,1,noun,no exact MW headword
संक्षुद्,1,verb,no exact MW headword
संक्षुभ्,1,part,no exact MW headword
संक्षोदय्,1,indecl,no exact MW headword
संग,1,noun,no exact MW headword
संगमय्,1,verb,no exact MW headword
संगर्ह्,1,verb,no exact MW headword
संगाह्,1,verb,no exact MW headword
संगुप्,1,part,no exact MW headword
संगुह्,1,part,no exact MW headword
संग्रन्थ्,1,indecl,no exact MW headword
संग्राहय्,1,verb,no exact MW headword
संघर्षवत्,1,noun,no exact MW headword
संघाटक,1,noun,no exact MW headword
संचालय्,1,part,no exact MW headword
संचूर्णय्,1,part,no exact MW headword
संजल्प्,1,verb,no exact MW headword
संजिहीर्ष्,1,verb,no exact MW headword
संजीवय्,1,verb,no exact MW headword
संज्ञक,1,noun,no exact MW headword
संतम्,1,verb,no exact MW headword
संतुष्,1,indecl,no exact MW headword
संतुष्,1,verb,no exact MW headword
संतोषय्,1,indecl,no exact MW headword
संतोषय्,1,verb,no exact MW headword
संत्याजय्,1,verb,no exact MW headword
संत्रासय्,1,part,no exact MW headword
संत्वर्,1,verb,no exact MW headword
संदीपय्,1,indecl,no exact MW headword
संदीपय्,1,part,no exact MW headword
संदूषय्,1,indecl,no exact MW headword
संदेहय्,1,verb,no exact MW headword
संदो,1,part,no exact MW headword
संधानकरणी,1,noun,no exact MW headword
संधारय्,1,part,no exact MW headword
संधुक्षय्,1,verb,no exact MW headword
संधुक्ष्,1,verb,no exact MW headword
संनादय्,1,part,no exact MW headword
संनिकाशय्,1,part,no exact MW headword
संनिक्षिप्,1,indecl,no exact MW headword
संनिक्षेप्तृ,1,noun,no exact MW headword
संनियोजय्,1,part,no exact MW headword
संनिरीक्ष्,1,indecl,no exact MW headword
संनिवर्तय्,1,verb,no exact MW headword
संनिवेदय्,1,verb,no exact MW headword
संनिवेशय्,1,part,no exact MW headword
संनिषूदय्,1,part,no exact MW headword
संनिषेव्,1,indecl,no exact MW headword
संपन्नतर,1,noun,no exact MW headword
संपरिक्षिप्,1,indecl,no exact MW headword
संपरिवारय्,1,part,no exact MW headword
संपरिवीजय्,1,verb,no exact MW headword
संपाठ्य,1,noun,no exact MW headword
संपातय्,1,verb,no exact MW headword
संप्रकीर्तय्,1,part,no exact MW headword
संप्रकृ,1,part,no exact MW headword
संप्रगल्भ्,1,part,no exact MW headword
संप्रचालय्,1,part,no exact MW headword
संप्रणादय्,1,part,no exact MW headword
संप्रतारय्,1,part,no exact MW headword
संप्रतिच्छद्,1,part,no exact MW headword
संप्रतिबुध्,1,part,no exact MW headword
संप्रतिश्रावय्,1,indecl,no exact MW headword
संप्रदर्शय्,1,part,no exact MW headword
संप्रदापय्,1,verb,no exact MW headword
संप्रधृष्,1,indecl,no exact MW headword
संप्रभञ्ज्,1,part,no exact MW headword
संप्रमार्जय्,1,part,no exact MW headword
संप्रयोजय्,1,indecl,no exact MW headword
संप्रविगाह्,1,indecl,no exact MW headword
संप्रसादय्,1,verb,no exact MW headword
संप्रहर्षय्,1,indecl,no exact MW headword
संप्रहृष्टतर,1,noun,no exact MW headword
संप्राह्,1,verb,no exact MW headword
संबन्धय्,1,verb,no exact MW headword
संभर्त्स्,1,part,no exact MW headword
संभाविततर,1,noun,no exact MW headword
संभाषय्,1,verb,no exact MW headword
संमर्दय्,1,indecl,no exact MW headword
संमुद्,1,verb,no exact MW headword
संमृ,1,part,no exact MW headword
संमोदय्,1,part,no exact MW headword
संमोदय्,1,verb,no exact MW headword
संमोहय्,1,verb,no exact MW headword
संयूहय्,1,verb,no exact MW headword
संयोजय्,1,indecl,no exact MW headword
संयोजय्,1,part,no exact MW headword
संरक्ततर,1,noun,no exact MW headword
संराज्,1,verb,no exact MW headword
संरुद्धक,1,noun,no exact MW headword
संरोचय्,1,verb,no exact MW headword
संरोहय्,1,indecl,no exact MW headword
संलक्षय्,1,indecl,no exact MW headword
संलक्षय्,1,verb,no exact MW headword
संलापय्,1,part,no exact MW headword
संलिह्,1,verb,no exact MW headword
संवर्णय्,1,verb,no exact MW headword
संवर्तय्,1,part,no exact MW headword
संवा,1,part,no exact MW headword
संवादय्,1,indecl,no exact MW headword
संवादय्,1,verb,no exact MW headword
संवाहय्,1,verb,no exact MW headword
संविकृ,1,indecl,no exact MW headword
संविगाह्,1,verb,no exact MW headword
संविचर्,1,verb,no exact MW headword
संविचारय्,1,indecl,no exact MW headword
संविचेष्ट्,1,verb,no exact MW headword
संविप्,1,part,no exact MW headword
संवीक्ष्,1,indecl,no exact MW headword
संवृष्,1,verb,no exact MW headword
संवेशय्,1,indecl,no exact MW headword
संवेशय्,1,verb,no exact MW headword
संवेष्टय्,1,part,no exact MW headword
संव्यध्,1,part,no exact MW headword
संव्यान,1,noun,no exact MW headword
संव्रज्,1,verb,no exact MW headword
संशृ,1,verb,no exact MW headword
संशोधय्,1,indecl,no exact MW headword
संशोधय्,1,part,no exact MW headword
संश्लेषवत्,1,noun,no exact MW headword
संसादय्,1,part,no exact MW headword
संसाधय्,1,indecl,no exact MW headword
संसाधय्,1,part,no exact MW headword
संसान्त्वय्,1,verb,no exact MW headword
संसारय्,1,verb,no exact MW headword
संसूचय्,1,part,no exact MW headword
संसूचय्,1,verb,no exact MW headword
संस्कृतक,1,noun,no exact MW headword
संस्थापय्,1,part,no exact MW headword
संस्मारय्,1,part,no exact MW headword
संस्मारिन्,1,noun,no exact MW headword
संस्वज्,1,verb,no exact MW headword
संहतिमत्,1,noun,no exact MW headword
सङ्ग-वर्जित,1,noun,no exact MW headword
सचत्वर,1,noun,no exact MW headword
सतडिद्गुण,1,noun,no exact MW headword
सतूण,1,noun,no exact MW headword
सत्त्वसम्सुद्दि,1,stem,no exact MW headword
सत्यधर्मविपुलकीर्ति,1,noun,no exact MW headword
सत्यवन्त्,1,noun,no exact MW headword
सदस्पति,1,noun,no exact MW headword
सनक्र,1,noun,no exact MW headword
सनन्द,1,noun,no exact MW headword
सनाय्,1,part,no exact MW headword
सप्तजन,1,noun,no exact MW headword
सप्तविंशति,1,noun,no exact MW headword
सप्तषष्टि,1,noun,no exact MW headword
सफलीकृ,1,verb,no exact MW headword
सभविष्य,1,noun,no exact MW headword
सभाजय्,1,indecl,no exact MW headword
सभूषण,1,noun,no exact MW headword
समतलक,1,noun,no exact MW headword
समति,1,stem,no exact MW headword
समतिक्रमण,1,noun,no exact MW headword
समतिरिच्,1,part,no exact MW headword
समध्यास्,1,verb,no exact MW headword
समनुकृष्,1,verb,no exact MW headword
समनुचिन्तय्,1,verb,no exact MW headword
समनुपालय्,1,part,no exact MW headword
समनुबन्ध्,1,part,no exact MW headword
समनुराग,1,noun,no exact MW headword
समनुवर्तन,1,noun,no exact MW headword
समन्तर,1,noun,no exact MW headword
समन्वाहृ,1,indecl,no exact MW headword
समन्वाहृ,1,part,no exact MW headword
समबुद्दि,1,stem,no exact MW headword
समभिजन्,1,verb,no exact MW headword
समभिद्रु,1,indecl,no exact MW headword
समभिधाव्,1,part,no exact MW headword
समभिपूरय्,1,part,no exact MW headword
समभिप्रद्रु,1,verb,no exact MW headword
समभिभाष्,1,part,no exact MW headword
समभिभाष्,1,verb,no exact MW headword
समभिया,1,verb,no exact MW headword
समभिरुह्,1,part,no exact MW headword
समभिलष्,1,part,no exact MW headword
समभिवर्धय्,1,verb,no exact MW headword
समभिवादय्,1,indecl,no exact MW headword
समभिष्टु,1,indecl,no exact MW headword
समभिस्पृश्,1,part,no exact MW headword
समभिहन्,1,part,no exact MW headword
समभ्यञ्ज्,1,indecl,no exact MW headword
समभ्यतिक्रम्,1,verb,no exact MW headword
समयभेदिन्,1,noun,no exact MW headword
समयीकृ,1,part,no exact MW headword
समर्चय्,1,indecl,no exact MW headword
समर्पय्,1,indecl,no exact MW headword
समलंकृ,1,verb,no exact MW headword
समवकृ,1,verb,no exact MW headword
समवगाह्,1,verb,no exact MW headword
समवगुण्ठय्,1,part,no exact MW headword
समवनम्,1,part,no exact MW headword
समवबुध्,1,verb,no exact MW headword
समवसृ,1,part,no exact MW headword
समवस्कन्दय्,1,verb,no exact MW headword
समस्तक,1,noun,no exact MW headword
समाक्रन्द्,1,verb,no exact MW headword
समाक्रुश्,1,part,no exact MW headword
समाघुष्,1,part,no exact MW headword
समाजन्,1,part,no exact MW headword
समाजीव,1,noun,no exact MW headword
समाजुहूष्,1,part,no exact MW headword
समाज्ञापय्,1,indecl,no exact MW headword
समादापय्,1,indecl,no exact MW headword
समादिस्,1,indecl,no exact MW headword
समादिह्,1,part,no exact MW headword
समाधाव्,1,verb,no exact MW headword
समापय्,1,part,no exact MW headword
समापय्,1,verb,no exact MW headword
समापृ,1,verb,no exact MW headword
समाप्रच्छ्,1,indecl,no exact MW headword
समाप्लावय्,1,part,no exact MW headword
समायत्,1,part,no exact MW headword
समायस्,1,part,no exact MW headword
समार्जय्,1,part,no exact MW headword
समालक्षय्,1,indecl,no exact MW headword
समालप्,1,verb,no exact MW headword
समालिङ्गय्,1,verb,no exact MW headword
समालोचय्,1,indecl,no exact MW headword
समावासय्,1,part,no exact MW headword
समावेशय्,1,part,no exact MW headword
समावेशय्,1,verb,no exact MW headword
समाव्यध्,1,part,no exact MW headword
समाव्यध्,1,verb,no exact MW headword
समाश्रु,1,verb,no exact MW headword
समासुप्,1,part,no exact MW headword
समीक्ष्यकारिन्,1,noun,no exact MW headword
समीह्,1,part,no exact MW headword
समुच्छिद्,1,indecl,no exact MW headword
समुच्छिद्,1,verb,no exact MW headword
समुज्ज्वल्,1,part,no exact MW headword
समुत्कृ,1,part,no exact MW headword
समुत्खली,1,noun,no exact MW headword
समुत्तेजय्,1,indecl,no exact MW headword
समुत्थापयितु,1,noun,no exact MW headword
समुत्प्लु,1,indecl,no exact MW headword
समुत्सादय्,1,verb,no exact MW headword
समुत्सारय्,1,indecl,no exact MW headword
समुत्सुकय्,1,verb,no exact MW headword
समुदाहारक,1,noun,no exact MW headword
समुद्धू,1,part,no exact MW headword
समुद्भावन,1,noun,no exact MW headword
समुद्भ्रम्,1,part,no exact MW headword
समुद्वम्,1,part,no exact MW headword
समुद्वीक्ष्,1,indecl,no exact MW headword
समुन्नततर,1,noun,no exact MW headword
समुन्नम्,1,verb,no exact MW headword
समुन्नामय्,1,indecl,no exact MW headword
समुन्मूलय्,1,part,no exact MW headword
समुपकल्पय्,1,part,no exact MW headword
समुपगुह्,1,indecl,no exact MW headword
समुपघ्रा,1,part,no exact MW headword
समुपदृश्,1,verb,no exact MW headword
समुपवेशय्,1,part,no exact MW headword
समुपसंक्रम्,1,indecl,no exact MW headword
समुपस्पृस्,1,indecl,no exact MW headword
समुपानी,1,indecl,no exact MW headword
समृछ्,1,verb,no exact MW headword
समृणाल,1,noun,no exact MW headword
समेधय्,1,part,no exact MW headword
सम्_नि_अस्3,1,part,no exact MW headword
सम्_नि_यम्1,1,part,no exact MW headword
सम्न्यसन,1,stem,no exact MW headword
सम्पठ्,1,verb,no exact MW headword
सम्परित्यज्,1,indecl,no exact MW headword
सम्परित्यज्,1,part,no exact MW headword
सम्परिप्लु,1,part,no exact MW headword
सम्परिष्वज्,1,part,no exact MW headword
सम्पिष्,1,part,no exact MW headword
सम्पीडय्,1,verb,no exact MW headword
सम्पू,1,part,no exact MW headword
सम्प्रक्रम्,1,verb,no exact MW headword
सम्प्रक्षिप्,1,verb,no exact MW headword
सम्प्रचोदय्,1,part,no exact MW headword
सम्प्रज्ञा,1,part,no exact MW headword
सम्प्रज्वल्,1,verb,no exact MW headword
सम्प्रणद्,1,verb,no exact MW headword
सम्प्रणुद्,1,part,no exact MW headword
सम्प्रतिपूजय्,1,indecl,no exact MW headword
सम्प्रतिपूजय्,1,verb,no exact MW headword
सम्प्रतिभाष्,1,verb,no exact MW headword
सम्प्रदीपय्,1,part,no exact MW headword
सम्प्रधर्षय्,1,part,no exact MW headword
सम्प्रपूजय्,1,part,no exact MW headword
सम्प्रयुध्,1,verb,no exact MW headword
सम्प्रवर्तय्,1,part,no exact MW headword
सम्प्रवृध्,1,part,no exact MW headword
सम्प्रवृध्,1,verb,no exact MW headword
सम्प्रसद्,1,verb,no exact MW headword
सम्प्रसाधय्,1,part,no exact MW headword
सम्प्रस्रु,1,verb,no exact MW headword
सम्प्रहा,1,verb,no exact MW headword
सम्प्रहृष्,1,verb,no exact MW headword
सम्भञ्ज्,1,part,no exact MW headword
सम्भाषन,1,noun,no exact MW headword
सम्मन्त्रय्,1,part,no exact MW headword
सम्मन्त्रय्,1,verb,no exact MW headword
सरोजिनी,1,noun,no exact MW headword
सरोरुहिणी,1,noun,no exact MW headword
सर्पास्य,1,noun,no exact MW headword
सर्वज्यन,1,stem,no exact MW headword
सर्वनाभ,1,noun,no exact MW headword
सर्वाभिभू,1,noun,no exact MW headword
सलिलयोनि,1,noun,no exact MW headword
सलिलराज,1,noun,no exact MW headword
सलिलवत्,1,noun,no exact MW headword
सलिलेन्द्र,1,noun,no exact MW headword
सलीलगजगामिन्,1,noun,no exact MW headword
सवज्रिन्,1,noun,no exact MW headword
सवितर्दीक,1,noun,no exact MW headword
सश्चन्त्,1,noun,no exact MW headword
सहदायाद,1,noun,no exact MW headword
सहप्रिय,1,noun,no exact MW headword
सहलक्ष्मण,1,noun,no exact MW headword
सहवासिन्,1,noun,no exact MW headword
सहस्रदृश्,1,noun,no exact MW headword
सहस्रधा,1,indecl,no exact MW headword
सहस्रनयन,1,noun,no exact MW headword
सहस्रमरीचि,1,noun,no exact MW headword
सहस्रलोचन,1,noun,no exact MW headword
सहस्रसम,1,noun,no exact MW headword
सहस्रेक्षण,1,noun,no exact MW headword
सहायक,1,noun,no exact MW headword
सहासन,1,noun,no exact MW headword
सांकाश्या,1,noun,no exact MW headword
सांतिना,1,noun,no exact MW headword
सांप्रतम्,1,indecl,no exact MW headword
साक्षात्कृ,1,indecl,no exact MW headword
साक्षात्कृ,1,verb,no exact MW headword
सागरौकस्,1,noun,no exact MW headword
साचल,1,noun,no exact MW headword
सातानिक,1,noun,no exact MW headword
साधय्,1,indecl,no exact MW headword
सान्त्वना,1,noun,no exact MW headword
सान्धकार,1,noun,no exact MW headword
साप्तपौरुष,1,noun,no exact MW headword
सामन्तक,1,noun,no exact MW headword
सामुत्थायिक,1,noun,no exact MW headword
सारय्,1,indecl,no exact MW headword
सार्वभाण्डिक,1,noun,no exact MW headword
सार्वाङ्गिक,1,noun,no exact MW headword
साहवेश्य,1,noun,no exact MW headword
सिंहाय्,1,verb,no exact MW headword
सिक्थक,1,noun,no exact MW headword
सिञ्ज्,1,part,no exact MW headword
सितच्छद,1,noun,no exact MW headword
सितवाजिन्,1,noun,no exact MW headword
सितसप्ति,1,noun,no exact MW headword
सिद्द्य्,1,stem,no exact MW headword
सिद्धार्थमति,1,noun,no exact MW headword
सिषास्,1,part,no exact MW headword
सीरपाणि,1,noun,no exact MW headword
सुकुमारतर,1,noun,no exact MW headword
सुखता,1,noun,no exact MW headword
सुखय्,1,part,no exact MW headword
सुगु,1,noun,no exact MW headword
सुङ्गीभू,1,part,no exact MW headword
सुचेष्टरूप,1,noun,no exact MW headword
सुदुर,1,stem,no exact MW headword
सुदुर्ग,1,noun,no exact MW headword
सुदुर्धर,1,noun,no exact MW headword
सुदृश,1,noun,no exact MW headword
सुनिबद्ध,1,noun,no exact MW headword
सुनिष्कृति,1,noun,no exact MW headword
सुन्दरवर्ण,1,noun,no exact MW headword
सुपत्त्रिन्,1,noun,no exact MW headword
सुप्राप्त,1,noun,no exact MW headword
सुबसुब,1,stem,no exact MW headword
सुमनोज्ञघोष,1,noun,no exact MW headword
सुरचाप,1,noun,no exact MW headword
सुरभय्,1,part,no exact MW headword
सुरराजन्,1,noun,no exact MW headword
सुरराज्,1,noun,no exact MW headword
सुरश्मि,1,noun,no exact MW headword
सुरश्रेष्ठ,1,noun,no exact MW headword
सुरावत्,1,noun,no exact MW headword
सुरेन्द्रगोप,1,noun,no exact MW headword
सुलभक,1,noun,no exact MW headword
सुवर्णनिष्ठीविन्,1,noun,no exact MW headword
सुवर्णिन्,1,noun,no exact MW headword
सुवित्रस्त,1,noun,no exact MW headword
सुश्रीमत्,1,noun,no exact MW headword
सुसंतत,1,noun,no exact MW headword
सुसमीक्षित,1,noun,no exact MW headword
सूपकार,1,noun,no exact MW headword
सूपस्थित,1,noun,no exact MW headword
सूर्यवन्त्,1,noun,no exact MW headword
सूर्यशत्रु,1,noun,no exact MW headword
सूर्याचन्द्रमस्,1,noun,no exact MW headword
सृक्विणी,1,noun,no exact MW headword
सेरक,1,noun,no exact MW headword
सेवय्,1,verb,no exact MW headword
सैनापत्य,1,noun,no exact MW headword
सैरन्ध्र,1,noun,no exact MW headword
सैरन्ध्री,1,noun,no exact MW headword
सोदग्र,1,noun,no exact MW headword
सोमसद्,1,noun,no exact MW headword
सौख्यवत्,1,noun,no exact MW headword
सौमितिका,1,noun,no exact MW headword
सौरसेन,1,noun,no exact MW headword
सौहृद्य,1,noun,no exact MW headword
स्कन्दय्,1,verb,no exact MW headword
स्कभाय्,1,verb,no exact MW headword
स्तनयित्नुमत्,1,noun,no exact MW headword
स्तनय्,1,verb,no exact MW headword
स्तब्धीकृ,1,indecl,no exact MW headword
स्तम्भय्,1,verb,no exact MW headword
स्तितदि,1,stem,no exact MW headword
स्तितप्रज्य,1,stem,no exact MW headword
स्तित्व,1,stem,no exact MW headword
स्तिरमति,1,stem,no exact MW headword
स्तोभय्,1,verb,no exact MW headword
स्त्रैराजक,1,noun,no exact MW headword
स्थितबुद्धिदत्त,1,noun,no exact MW headword
स्थितिक,1,noun,no exact MW headword
स्पाशय्,1,verb,no exact MW headword
स्पृहय्,1,part,no exact MW headword
स्फुटक,1,noun,no exact MW headword
स्फुटीभू,1,verb,no exact MW headword
स्फुरय्,1,indecl,no exact MW headword
स्फोटय्,1,verb,no exact MW headword
स्मारणीयक,1,noun,no exact MW headword
स्मारय्,1,part,no exact MW headword
स्मृतिब्रम्स,1,stem,no exact MW headword
स्योनाग,1,noun,no exact MW headword
स्रंसय्,1,part,no exact MW headword
स्रद्द,1,stem,no exact MW headword
स्रद्दय,1,stem,no exact MW headword
स्रोत्रदि,1,stem,no exact MW headword
स्रौतसीय,1,noun,no exact MW headword
स्वःपथ,1,noun,no exact MW headword
स्वदृश्,1,noun,no exact MW headword
स्वद्यय,1,stem,no exact MW headword
स्वबव,1,stem,no exact MW headword
स्वयंकारिन्,1,noun,no exact MW headword
स्वयंदूती,1,noun,no exact MW headword
स्वर्गपति,1,noun,no exact MW headword
स्वर्गपुरी,1,noun,no exact MW headword
स्वर्धुनी,1,noun,no exact MW headword
स्वर्नयन,1,noun,no exact MW headword
स्वल्पीभू,1,part,no exact MW headword
स्वस्तिकवत्,1,noun,no exact MW headword
स्वस्थतर,1,noun,no exact MW headword
स्वांशीकृ,1,indecl,no exact MW headword
स्वागतीकृ,1,indecl,no exact MW headword
स्वात्मन्,1,noun,no exact MW headword
स्वादय्,1,verb,no exact MW headword
स्वाहाकृती,1,noun,no exact MW headword
स्वेदय्,1,part,no exact MW headword
स्वैरवृत्त,1,noun,no exact MW headword
हंसका,1,noun,no exact MW headword
हतैनस्,1,noun,no exact MW headword
हनुका,1,noun,no exact MW headword
हरिजटा,1,noun,no exact MW headword
हलभृत्,1,noun,no exact MW headword
हस्तिकर्णी,1,noun,no exact MW headword
हस्तिप,1,noun,no exact MW headword
हस्तिपक,1,noun,no exact MW headword
हारय्,1,part,no exact MW headword
हावय्,1,part,no exact MW headword
हास्,1,part,no exact MW headword
हास्तिनपुर,1,noun,no exact MW headword
हिमभास्,1,noun,no exact MW headword
हिरण्यकर्तृ,1,noun,no exact MW headword
हुताग्निक,1,noun,no exact MW headword
हुवन्य्,1,verb,no exact MW headword
हुहु,1,noun,no exact MW headword
हृणाय्,1,part,no exact MW headword
हृदिस्पृश,1,noun,no exact MW headword
हृष्ट-रोमा,1,,no exact MW headword
हेतुता,1,noun,no exact MW headword
हेतुमत्तर,1,noun,no exact MW headword
हेतुवाद,1,noun,no exact MW headword
हेमकार,1,noun,no exact MW headword
हेमसूत्र,1,noun,no exact MW headword
हैमन्तिक,1,noun,no exact MW headword
ह्रादीय,1,noun,no exact MW headword
ह्रासय्,1,verb,no exact MW headword
ह्रेपय्,1,part,no exact MW headword
